,serial,tempmax,tempmin,temp,feelslikemax,dew,humidity,precip,precipcover,windspeed,sealevelpressure,cloudcover,visibility,solarradiation,uvindex,conditions,stations,cases
0,0,34.05315068493151,24.47808219178082,28.70986301369863,39.75780821917809,22.971232876712328,73.50821917808219,2.92172602739726,4.360931506849314,15.678356164383562,1007.9117808219178,50.74794520547945,3.78986301369863,208.0978082191781,7.232876712328767,2.558904109589041,1.1972602739726028,4925.0
1,1,34.086178861788625,25.69430894308943,29.464227642276423,41.33821138211382,23.48455284552845,72.06666666666668,3.7834146341463417,2.676747967479675,14.574796747967484,1003.5333333333332,48.31382113821138,2.884552845528455,222.9260162601626,7.504065040650406,1.6585365853658536,0.991869918699187,5077.0
2,2,34.5739837398374,25.41788617886179,29.526829268292683,40.46422764227643,22.58048780487805,69.42439024390244,3.065853658536585,2.337804878048781,14.978048780487809,1005.7317073170732,55.62113821138211,4.2422764227642284,229.41300813008127,7.829268292682927,1.910569105691057,1.170731707317073,7579.0
3,3,33.020325203252035,25.08048780487805,28.72764227642276,37.8780487804878,21.75203252032521,69.29756097560974,6.02520325203252,2.6766666666666667,16.50487804878049,1003.359349593496,50.208130081300816,2.9910569105691054,225.42195121951212,7.59349593495935,1.3008130081300813,0.1463414634146341,13706.0
4,4,30.6609756097561,24.23089430894309,26.77479674796748,36.58699186991871,24.214634146341464,86.65203252032519,23.33658536585365,15.6169918699187,19.54634146341463,1009.9959349593496,45.54227642276423,3.8869918699186994,176.59837398373986,6.186991869918699,0.967479674796748,3.951219512195122,82.0
5,6,32.06016260162601,25.72357723577236,28.49674796747968,38.9780487804878,24.82439024390244,81.69837398373986,6.349325203252033,3.89609756097561,15.234146341463417,1003.519512195122,57.92845528455285,3.2642276422764227,196.9,6.788617886178862,1.4471544715447155,0.0,6772.0
6,7,34.237398373983744,26.5260162601626,29.847967479674804,41.38211382113822,24.558536585365854,74.81951219512196,8.959569105691058,4.810731707317073,25.482113821138213,1008.2121951219513,56.07073170731708,6.0560975609756085,169.02764227642277,5.967479674796748,0.5447154471544715,1.869918699186992,10342.0
7,8,34.460975609756105,23.867479674796748,28.78780487804878,39.46341463414634,21.492682926829264,67.51463414634148,4.517886178861789,25.67764227642277,12.895121951219512,1003.9422764227642,29.59756097560976,2.5951219512195123,238.50243902439024,7.73170731707317,1.7560975609756098,1.0,12542.0
8,9,30.769105691056915,23.066666666666663,26.31382113821138,36.357723577235774,24.06585365853659,88.39024390243901,11.597560975609756,17.312439024390244,10.093495934959352,1010.1430894308944,78.59756097560975,3.722764227642276,208.9886178861789,7.382113821138211,2.4227642276422765,0.7642276422764228,150.0
9,10,31.609756097560982,22.161788617886177,26.34552845528455,36.65528455284553,21.48861788617886,76.77154471544716,10.726016260162602,9.146666666666668,12.716260162601625,1003.1056910569106,46.30162601626016,2.072357723577236,225.86666666666665,7.487804878048781,3.008130081300813,0.0,4563.0
10,11,30.70487804878049,26.14715447154472,28.330081300813006,37.62439024390243,24.94146341463415,82.69756097560976,25.566666666666663,9.993252032520324,24.59186991869919,1006.2479674796748,59.3260162601626,2.926016260162602,189.609756097561,6.544715447154472,1.7804878048780488,1.032520325203252,11011.0
11,12,32.32032520325203,25.01788617886179,28.27073170731708,40.70081300813009,25.08292682926829,84.25934959349591,8.117073170731706,3.8286991869918703,14.633333333333336,1004.3032520325204,59.2260162601626,3.069918699186992,202.92195121951212,6.902439024390244,1.4146341463414631,0.5853658536585366,14092.0
12,15,40.1,26.1,32.9,44.8,19.7,50.0,2.3,37.5,13.3,995.8,29.2,1.9,315.9,9.0,4.0,0.0,8528.0
13,16,41.2,20.4,33.3,43.1,18.8,47.8,52.0,4.17,17.6,998.1,24.3,2.9,304.8,9.0,4.0,0.0,851.0
14,17,37.2,25.9,32.1,46.8,22.4,58.7,0.7,4.17,14.4,997.1,39.5,2.0,298.2,9.0,4.0,0.0,8850.0
15,18,37.2,24.6,30.7,41.0,23.1,67.8,48.1,8.33,10.8,997.1,41.0,2.0,271.3,8.0,4.0,0.0,7538.0
16,19,38.6,25.2,31.5,41.5,22.4,61.8,0.6,4.17,14.0,994.2,36.8,2.3,290.4,9.0,4.0,0.0,4004.0
17,20,37.6,25.1,30.4,42.1,23.0,68.0,16.0,4.17,15.1,993.7,51.3,2.0,236.2,9.0,4.0,0.0,3001.0
18,21,36.9,25.4,30.4,44.2,23.4,68.9,7.7,66.67,11.9,994.0,42.3,3.0,286.1,9.0,4.0,0.0,7025.0
19,22,37.5,24.2,30.7,42.4,23.6,69.6,18.0,12.5,16.2,994.6,41.9,2.1,274.3,8.0,4.0,0.0,637.0
20,23,33.2,24.3,29.0,38.3,24.3,77.1,35.0,16.67,20.5,994.8,48.4,1.7,228.5,6.0,4.0,0.0,5197.0
21,24,35.7,24.0,29.8,40.4,23.3,70.9,13.3,8.33,20.2,993.5,34.5,2.0,250.3,8.0,4.0,0.0,6523.0
22,25,35.9,25.2,29.9,39.9,23.0,69.1,39.0,4.17,18.4,994.0,33.6,2.3,268.7,8.0,4.0,0.0,1418.0
23,26,36.0,24.2,29.8,39.5,22.9,69.1,5.0,4.17,23.8,996.6,36.5,1.9,255.2,8.0,4.0,0.0,3904.0
24,27,35.7,24.9,29.4,38.8,22.6,69.9,8.0,12.5,26.3,997.3,35.4,1.6,248.8,7.0,4.0,0.0,8670.0
25,28,32.4,22.2,27.4,35.7,22.7,77.3,22.0,12.5,23.0,996.6,34.8,1.9,251.7,8.0,4.0,0.0,8558.0
26,29,32.0,22.1,27.5,36.3,23.0,77.7,0.8,4.17,15.1,995.4,37.4,1.9,268.9,8.0,4.0,0.0,3338.0
27,30,31.3,22.7,26.5,34.6,22.8,81.8,20.2,16.67,9.7,1000.0,54.0,1.6,223.7,7.0,4.0,0.0,7352.0
28,31,31.7,22.7,26.9,35.8,22.6,79.3,7.0,4.17,9.7,1000.2,42.1,1.5,300.1,9.0,4.0,0.0,3958.0
29,32,32.5,23.4,27.7,39.4,23.2,78.0,0.0,0.0,9.7,999.5,33.9,2.0,297.8,9.0,1.0,0.0,1010.0
30,33,33.2,23.9,28.5,37.7,23.3,75.2,0.4,16.67,13.3,1000.1,30.3,2.8,282.3,9.0,4.0,0.0,6456.0
31,34,33.9,24.9,29.3,39.4,23.4,72.3,1.0,4.17,11.2,1001.2,27.2,2.5,288.7,9.0,4.0,0.0,3823.0
32,35,33.8,23.8,28.7,38.9,23.6,75.4,6.0,8.33,12.6,1001.1,23.1,2.4,268.4,8.0,4.0,0.0,7175.0
33,36,34.9,23.1,29.8,43.1,23.9,72.3,0.1,4.17,14.8,999.3,24.2,2.3,285.7,9.0,4.0,0.0,3519.0
34,37,35.6,25.4,30.5,44.5,24.3,70.8,2.0,4.17,19.4,997.4,28.2,1.9,302.3,9.0,4.0,0.0,5162.0
35,38,30.9,25.1,27.2,36.9,24.3,85.1,16.0,12.5,16.9,998.3,86.7,2.0,207.0,6.0,4.0,0.0,6633.0
36,39,30.4,23.4,26.6,36.3,24.0,85.9,32.0,12.5,17.6,997.1,88.2,1.9,136.0,5.0,4.0,0.0,3473.0
37,40,29.4,24.0,26.3,36.7,24.3,89.2,30.0,8.33,20.2,997.8,82.9,2.6,166.6,5.0,4.0,0.0,9630.0
38,41,32.2,24.1,28.2,39.4,24.1,79.8,1.3,25.0,19.4,999.5,64.5,2.5,252.3,8.0,4.0,0.0,1738.0
39,42,34.0,25.7,28.8,44.7,24.6,78.7,6.0,8.33,17.6,1000.2,85.2,2.1,260.1,8.0,4.0,0.0,2339.0
40,43,32.0,25.0,27.8,36.3,23.9,80.4,0.3,4.17,11.9,1000.4,90.3,1.9,208.5,7.0,3.0,0.0,2966.0
41,44,31.3,25.0,27.6,38.7,23.8,81.0,2.3,29.17,18.4,999.1,81.8,2.3,237.0,7.0,4.0,0.0,2746.0
42,45,32.1,24.8,27.7,39.6,24.0,80.9,0.6,25.0,20.5,998.3,82.4,2.5,209.1,8.0,4.0,0.0,8475.0
43,46,31.8,24.1,27.2,37.6,24.2,84.4,5.4,8.33,15.5,998.0,80.4,2.0,224.7,8.0,4.0,0.0,4300.0
44,47,30.3,24.1,26.9,39.3,23.8,83.9,6.6,8.33,7.9,997.7,78.2,1.9,160.3,5.0,4.0,0.0,8955.0
45,48,31.8,24.4,27.6,40.6,23.9,80.8,6.7,66.67,8.6,996.0,76.9,2.0,144.8,5.0,4.0,0.0,4042.0
46,49,33.8,24.8,28.4,44.2,24.4,80.3,11.3,8.33,12.6,994.5,44.7,2.3,299.9,9.0,4.0,0.0,8809.0
47,50,31.5,24.6,27.7,38.1,24.7,84.2,8.4,12.5,9.0,995.7,46.1,2.0,241.0,8.0,4.0,0.0,577.0
48,51,33.2,24.7,28.7,41.3,23.6,76.2,0.4,4.17,11.5,994.7,71.0,2.0,208.5,7.0,4.0,0.0,6336.0
49,52,34.3,25.2,29.1,42.9,23.9,74.9,21.0,8.33,14.8,994.7,62.6,2.0,275.8,9.0,4.0,0.0,2001.0
50,53,32.7,23.4,28.3,40.5,24.1,79.5,0.5,4.17,12.2,998.0,78.3,2.3,224.9,8.0,4.0,0.0,9094.0
51,54,32.0,25.2,27.9,39.7,24.8,84.4,11.0,4.17,22.7,998.4,63.7,2.0,273.2,9.0,4.0,0.0,7741.0
52,55,31.5,24.8,27.4,38.5,24.8,86.7,71.0,8.33,10.1,999.1,78.4,1.8,292.3,9.0,4.0,0.0,10235.0
53,56,31.8,24.3,27.6,38.9,25.1,86.9,57.0,12.5,14.4,998.7,69.4,1.1,286.1,9.0,4.0,0.0,3718.0
54,57,32.6,24.7,28.1,43.1,25.1,84.7,56.0,8.33,10.1,999.1,84.6,1.3,167.3,5.0,4.0,0.0,777.0
55,58,32.0,24.9,27.8,40.3,24.4,82.6,7.8,41.67,19.4,1000.3,80.2,2.0,136.8,4.0,4.0,0.0,994.0
56,59,29.1,25.3,26.8,34.5,24.6,87.7,14.0,8.33,13.7,1001.3,81.3,1.4,133.4,5.0,4.0,0.0,1940.0
57,60,29.3,24.3,26.2,36.4,24.1,88.9,16.0,16.67,15.1,999.8,78.4,1.8,168.7,6.0,4.0,0.0,9672.0
58,61,28.6,24.1,26.1,33.6,24.3,89.8,5.0,8.33,18.7,999.6,77.6,1.9,126.9,4.0,4.0,0.0,1558.0
59,62,27.5,23.2,25.0,31.2,23.8,92.9,37.0,16.67,18.0,1002.4,85.4,1.4,98.0,3.0,4.0,0.0,4463.0
60,63,30.5,23.7,26.8,36.1,23.9,84.6,0.9,4.17,12.6,1003.5,42.5,2.0,271.1,8.0,4.0,0.0,1318.0
61,64,31.6,23.4,27.1,38.7,23.8,82.9,0.0,0.0,15.1,1001.9,26.7,2.3,289.1,9.0,1.0,0.0,9670.0
62,65,32.0,23.2,27.1,38.0,23.4,81.9,27.0,8.33,14.4,1000.7,31.7,2.0,304.8,9.0,4.0,0.0,1135.0
63,66,33.1,24.7,27.8,38.4,23.8,79.8,5.8,29.17,10.8,1001.1,43.2,2.0,248.2,8.0,4.0,0.0,3715.0
64,67,30.1,24.0,25.8,35.7,23.8,89.4,0.6,4.17,13.3,1002.7,76.2,1.8,135.4,5.0,4.0,0.0,5936.0
65,68,33.6,24.0,27.9,38.8,22.9,75.8,0.5,20.83,10.4,1002.0,71.7,2.0,202.0,8.0,4.0,0.0,1290.0
66,69,33.3,24.3,28.4,43.2,23.8,77.4,3.0,4.17,7.2,1001.1,56.5,2.0,251.3,9.0,4.0,0.0,3068.0
67,70,34.3,25.1,28.9,47.9,24.9,79.6,0.0,0.0,8.6,1001.7,65.1,3.3,158.5,5.0,1.0,0.0,8883.0
68,71,30.9,25.2,27.8,37.6,24.9,84.7,12.6,12.5,37.0,1003.7,81.0,1.8,164.6,6.0,4.0,0.0,7399.0
69,72,33.6,24.3,27.6,42.0,24.8,85.6,23.0,8.33,13.0,1000.3,70.7,1.8,199.2,7.0,4.0,0.0,6943.0
70,73,31.8,25.1,28.1,40.2,25.1,84.3,28.0,8.33,11.9,998.4,76.7,1.1,223.6,8.0,4.0,0.0,4148.0
71,74,30.9,23.4,27.2,37.3,24.6,86.6,33.0,8.33,13.7,1001.5,73.2,1.5,194.1,7.0,4.0,0.0,2868.0
72,75,33.6,24.2,27.7,39.6,24.2,82.5,2.9,25.0,7.9,1000.5,75.1,3.0,148.8,5.0,4.0,0.0,7436.0
73,76,34.8,24.4,28.1,44.9,24.6,82.1,1.2,29.17,8.3,999.5,35.3,2.0,271.9,9.0,4.0,0.0,7396.0
74,77,30.7,24.0,27.3,36.9,24.7,86.3,4.1,12.5,10.8,999.8,72.5,1.4,245.8,8.0,4.0,0.0,7204.0
75,78,31.8,24.1,27.3,38.8,24.6,85.7,17.0,4.17,10.4,999.9,78.6,1.9,231.4,8.0,4.0,0.0,7621.0
76,79,31.6,24.1,27.1,39.6,24.9,88.2,3.0,8.33,11.5,999.8,77.8,2.6,193.8,7.0,4.0,0.0,3301.0
77,80,32.1,24.4,28.1,40.3,24.1,80.2,0.5,8.33,8.3,1001.5,49.1,2.1,254.5,8.0,4.0,0.0,5066.0
78,81,33.0,24.2,27.8,43.1,24.1,81.1,0.0,0.0,10.4,999.1,43.7,2.0,266.8,9.0,1.0,0.0,9037.0
79,82,32.8,24.3,27.6,42.4,24.0,81.4,6.0,8.33,10.8,998.9,51.8,1.5,268.5,9.0,4.0,0.0,7917.0
80,83,32.1,24.5,28.0,41.8,24.3,80.9,14.0,12.5,9.0,1000.4,34.0,1.6,256.5,8.0,4.0,0.0,5057.0
81,84,31.5,24.2,27.8,38.9,24.2,81.7,25.0,8.33,12.9,1003.0,76.6,1.9,217.1,7.0,4.0,0.0,10209.0
82,85,31.3,23.1,26.4,38.0,24.0,87.1,18.7,8.33,16.6,1004.0,79.0,1.9,130.0,4.0,4.0,0.0,10019.0
83,86,31.6,23.8,26.8,38.2,23.9,84.9,7.3,8.33,12.2,1003.8,49.9,2.0,246.4,8.0,4.0,0.0,4938.0
84,87,30.4,23.2,26.6,35.3,23.4,83.4,0.7,4.17,12.2,1002.2,27.4,2.0,244.1,8.0,4.0,0.0,7748.0
85,88,31.8,22.3,26.8,39.2,21.7,74.9,0.9,12.5,7.6,1003.3,17.4,2.5,259.2,8.0,2.0,0.0,4884.0
86,89,31.4,21.3,25.8,34.2,20.9,75.3,3.0,4.17,9.7,1007.6,20.7,2.5,242.7,8.0,4.0,0.0,10182.0
87,90,30.1,21.6,25.3,34.5,21.5,80.8,2.0,4.17,10.4,1009.6,31.2,2.0,252.3,9.0,4.0,0.0,9240.0
88,91,31.0,21.7,26.2,35.1,21.5,76.4,0.0,0.0,8.3,1007.9,17.1,3.0,258.0,8.0,0.0,0.0,9961.0
89,92,30.1,23.2,26.4,34.7,22.0,77.9,4.0,8.33,6.1,1006.3,29.4,2.0,213.5,7.0,4.0,0.0,7896.0
90,93,29.6,20.3,25.2,32.9,21.9,83.0,43.8,8.33,8.3,1008.6,34.9,2.6,187.7,6.0,4.0,0.0,9411.0
91,94,30.3,21.4,25.2,33.6,21.9,83.0,0.5,16.67,10.4,1009.8,26.8,2.8,229.0,8.0,4.0,0.0,2033.0
92,95,30.8,21.4,25.6,35.1,22.2,82.6,26.0,4.17,7.2,1008.6,32.5,1.9,222.3,8.0,4.0,0.0,6379.0
93,96,30.3,22.4,25.7,36.0,22.6,83.7,15.0,8.33,11.9,1011.0,40.0,1.9,207.2,7.0,4.0,0.0,1911.0
94,97,29.0,21.9,25.0,33.1,22.1,85.0,24.0,12.5,11.9,1011.0,78.2,1.9,199.8,7.0,4.0,0.0,8371.0
95,98,30.1,21.7,24.9,34.8,21.8,84.2,34.6,12.5,12.2,1009.3,61.4,1.8,202.1,7.0,4.0,0.0,9111.0
96,99,28.5,21.4,24.3,30.2,20.9,82.6,51.0,12.5,9.7,1009.7,52.0,2.0,176.7,7.0,4.0,0.0,2114.0
97,100,27.0,20.2,23.2,28.9,20.5,85.3,27.1,16.67,10.8,1010.2,59.0,1.7,158.2,5.0,4.0,0.0,4361.0
98,101,26.6,20.4,22.8,26.6,20.8,89.1,42.9,12.5,11.2,1009.0,53.2,1.6,199.2,7.0,4.0,0.0,1770.0
99,102,28.6,19.5,23.5,31.1,20.8,85.5,0.2,4.17,10.1,1007.7,68.2,2.4,220.0,8.0,4.0,0.0,3464.0
100,103,29.6,20.2,23.9,32.9,20.8,83.8,0.0,0.0,9.4,1008.5,52.7,2.5,225.9,8.0,1.0,0.0,5153.0
101,104,29.6,19.9,23.6,33.3,20.2,82.6,2.4,29.17,7.9,1008.5,56.1,2.0,187.7,7.0,4.0,0.0,5978.0
102,105,28.6,19.4,23.6,30.5,19.4,78.6,6.0,4.17,9.0,1008.9,51.9,2.0,197.9,7.0,4.0,0.0,8543.0
103,106,31.0,19.0,23.2,33.2,17.3,71.3,0.0,0.0,10.1,1008.5,35.4,2.5,210.3,8.0,1.0,0.0,3216.0
104,107,30.6,19.2,23.5,34.7,17.7,71.5,0.0,0.0,8.3,1009.1,63.3,2.5,191.2,7.0,1.0,0.0,3450.0
105,108,28.6,19.3,23.1,29.5,18.2,75.3,0.0,0.0,13.0,1010.1,49.5,2.8,207.1,7.0,1.0,0.0,1309.0
106,109,30.0,18.7,23.1,32.2,17.0,70.0,0.0,0.0,10.4,1009.6,7.1,3.1,242.7,8.0,0.0,0.0,953.0
107,110,30.0,18.6,23.0,32.8,17.1,71.3,0.0,0.0,8.3,1010.5,8.6,2.6,238.3,8.0,0.0,0.0,2898.0
108,111,29.8,17.1,22.2,31.2,16.1,70.5,0.0,0.0,11.5,1010.4,3.8,2.8,233.2,8.0,0.0,0.0,4403.0
109,112,30.0,16.8,22.2,31.4,16.2,70.9,0.0,0.0,9.0,1009.6,6.3,2.5,229.9,8.0,0.0,0.0,2037.0
110,113,29.8,17.4,22.7,31.6,17.0,72.6,0.0,0.0,11.9,1011.1,5.5,2.0,234.2,8.0,0.0,0.0,4507.0
111,114,29.3,17.8,22.9,31.4,17.1,71.8,0.0,0.0,9.0,1011.7,32.5,2.0,199.3,8.0,1.0,0.0,2710.0
112,115,30.0,17.9,23.2,32.0,16.8,69.5,0.0,0.0,9.7,1012.9,2.5,2.0,217.4,8.0,0.0,0.0,3669.0
113,116,31.3,17.6,22.9,32.0,15.2,64.6,0.0,0.0,10.4,1013.3,15.1,2.0,221.5,8.0,0.0,0.0,9790.0
114,117,30.1,17.7,22.9,31.0,15.2,64.1,0.0,0.0,10.4,1013.3,5.3,2.0,215.1,8.0,0.0,0.0,1369.0
115,118,30.8,16.1,22.7,30.1,15.3,65.1,0.3,4.17,11.2,1013.6,6.1,2.3,197.8,7.0,2.0,0.0,3225.0
116,119,31.0,17.1,22.7,32.3,14.2,61.3,0.0,0.0,13.7,1014.0,9.1,2.0,208.5,7.0,0.0,0.0,9050.0
117,120,30.0,16.4,22.0,31.4,12.6,59.0,0.0,0.0,10.4,1013.0,6.5,2.5,227.5,8.0,0.0,0.0,1388.0
118,121,29.1,15.7,21.3,29.5,12.0,56.8,0.0,0.0,13.7,1011.5,0.0,2.0,226.9,8.0,0.0,0.0,8192.0
119,122,30.0,14.9,21.1,30.5,12.0,54.5,0.0,0.0,11.5,1008.3,0.4,3.4,228.7,8.0,0.0,0.0,6327.0
120,123,28.8,15.2,21.5,29.7,12.0,57.3,0.0,0.0,10.1,1008.5,6.2,2.0,223.7,8.0,0.0,0.0,8101.0
121,124,27.8,16.1,21.0,28.3,12.3,60.0,0.0,0.0,11.2,1010.3,1.7,2.5,202.9,7.0,0.0,0.0,2622.0
122,125,26.6,16.1,20.7,26.6,13.7,66.3,0.0,0.0,11.2,1011.7,10.4,2.0,194.8,7.0,0.0,0.0,3948.0
123,126,26.3,15.9,20.6,26.3,14.3,69.0,0.0,0.0,9.7,1012.5,15.5,2.0,190.4,7.0,0.0,0.0,3495.0
124,127,28.0,15.2,20.8,29.0,13.6,66.0,0.0,0.0,8.6,1011.4,2.3,2.0,194.8,7.0,0.0,0.0,6699.0
125,128,28.0,16.1,21.3,28.7,13.8,64.8,0.0,0.0,8.6,1012.4,5.4,2.0,193.8,7.0,0.0,0.0,2157.0
126,129,27.6,17.4,20.9,28.6,14.0,66.5,0.0,0.0,7.9,1011.5,53.2,1.1,120.8,6.0,1.0,0.0,4464.0
127,130,27.9,16.2,21.1,29.6,14.0,66.5,0.0,0.0,14.8,1010.7,12.9,1.0,178.8,7.0,0.0,0.0,5651.0
128,131,32.1,24.2,27.6,40.8,25.6,89.5,32.0,4.17,29.5,1002.8,89.5,4.3,217.6,9.0,3.0,1.0,336.0
129,132,35.1,23.2,28.2,42.0,24.8,84.1,9.0,4.17,11.2,1006.0,68.5,4.6,317.8,10.0,3.0,1.0,97.0
130,133,33.1,23.7,27.9,40.7,25.1,86.6,23.0,4.17,11.2,1006.8,75.8,4.6,287.2,9.0,3.0,1.0,378.0
131,134,33.1,24.9,27.7,38.2,24.9,86.1,0.2,4.17,14.8,1004.7,85.5,4.5,232.9,9.0,3.0,1.0,103.0
132,135,31.1,24.2,27.0,37.9,25.3,90.9,0.2,4.17,9.4,1002.6,88.6,3.6,242.1,8.0,3.0,1.0,220.0
133,136,29.1,23.7,25.9,35.8,24.7,93.4,12.0,4.17,14.8,1000.6,92.6,3.5,227.0,9.0,2.0,1.0,252.0
134,137,30.1,22.2,26.1,36.3,24.4,91.1,4.0,4.17,13.0,1001.6,92.1,3.5,171.5,6.0,2.0,1.0,371.0
135,138,27.8,21.7,25.3,32.7,24.5,95.4,20.0,4.17,10.1,1001.2,92.8,2.4,187.8,6.0,2.0,1.0,130.0
136,139,27.6,22.1,25.0,32.0,24.5,96.8,4.0,4.17,11.2,1007.3,94.8,2.3,208.9,7.0,2.0,1.0,221.0
137,140,28.5,21.9,25.1,33.8,24.4,96.0,16.0,4.17,9.4,1000.3,94.6,2.4,245.4,9.0,2.0,1.0,191.0
138,141,26.6,21.2,25.0,26.6,24.4,96.7,35.0,4.17,13.0,1007.9,95.8,2.5,169.4,6.0,2.0,1.0,335.0
139,142,28.1,21.4,25.5,33.0,24.6,95.1,39.0,4.17,11.2,1008.7,93.9,2.7,195.6,6.0,2.0,1.0,187.0
140,143,27.1,24.8,25.6,30.7,24.8,95.3,51.0,4.17,14.8,1009.6,96.2,2.8,128.3,4.0,2.0,0.0,258.0
141,144,25.7,23.7,24.6,25.7,24.1,97.3,11.0,4.17,7.6,1007.4,97.9,2.4,212.9,6.0,2.0,0.0,325.0
142,145,30.4,24.1,25.9,37.1,24.7,93.2,22.0,4.17,7.6,1006.0,94.0,2.0,289.9,9.0,2.0,0.0,272.0
143,146,33.1,24.4,27.6,40.7,24.5,85.1,28.0,4.17,7.6,1007.1,70.7,4.7,270.5,9.0,3.0,1.0,82.0
144,147,33.1,24.9,28.1,40.8,25.3,86.3,4.2,66.67,11.2,1006.3,56.0,4.7,199.5,7.0,3.0,1.0,78.0
145,148,33.1,25.2,27.9,42.3,26.1,90.4,0.5,4.17,11.2,1005.7,76.0,4.0,190.1,7.0,3.0,1.0,385.0
146,149,31.6,22.9,26.9,39.0,25.2,91.1,16.0,4.17,7.6,1008.3,85.2,3.5,231.8,9.0,3.0,1.0,313.0
147,150,33.1,22.4,27.4,39.4,24.8,87.6,8.0,4.17,9.4,1009.1,77.7,4.0,243.0,8.0,3.0,1.0,399.0
148,151,33.1,25.0,27.6,39.4,24.7,86.1,6.0,33.33,9.4,1009.1,66.7,4.0,233.2,7.0,3.0,1.0,88.0
149,152,32.1,23.4,26.8,39.3,24.3,87.5,1.1,45.83,13.0,1008.4,93.1,3.8,160.7,5.0,2.0,1.0,312.0
150,153,33.1,23.7,26.7,39.4,24.3,88.5,13.4,75.0,9.4,1008.0,89.2,4.5,171.1,6.0,3.0,0.0,315.0
151,154,31.1,24.0,26.6,36.7,24.3,88.2,18.8,70.83,9.4,1006.8,91.7,3.6,237.3,8.0,2.0,0.0,395.0
152,155,32.1,22.9,26.5,38.0,24.4,89.5,1.0,4.17,7.6,1007.1,93.1,4.0,255.4,9.0,2.0,0.0,222.0
153,156,32.1,24.2,26.4,36.9,24.2,88.7,81.0,4.17,9.4,1006.1,90.3,3.8,146.5,4.0,2.0,1.0,82.0
154,157,31.1,23.7,26.5,37.9,24.7,90.5,0.4,4.17,6.8,1006.4,76.3,3.5,233.6,7.0,3.0,1.0,215.0
155,158,31.2,24.0,26.3,36.7,24.3,89.8,7.0,4.17,6.5,1007.8,60.1,3.0,266.3,9.0,3.0,1.0,230.0
156,159,31.1,22.9,26.2,35.6,23.9,88.6,32.0,4.17,7.6,1009.3,86.0,3.7,268.2,9.0,3.0,1.0,361.0
157,160,31.1,21.9,25.6,36.7,24.0,91.9,1.0,4.17,7.6,1009.4,91.5,2.9,155.0,7.0,2.0,1.0,198.0
158,161,29.2,22.2,25.6,34.7,24.0,91.5,13.0,4.17,9.4,1008.2,91.3,3.0,231.0,7.0,2.0,1.0,429.0
159,162,32.1,23.1,26.2,38.0,23.9,88.4,2.6,79.17,6.5,1007.3,77.4,4.0,254.6,9.0,3.0,1.0,418.0
160,163,33.1,23.4,27.2,40.7,24.8,88.0,2.0,4.17,7.6,1004.0,88.8,5.5,251.9,9.0,3.0,1.0,197.0
161,164,32.1,24.4,27.6,40.8,25.7,90.3,45.0,4.17,9.4,1002.7,91.4,4.7,252.3,9.0,2.0,1.0,324.0
162,165,34.1,25.4,28.9,45.5,26.2,86.5,17.0,4.17,7.6,1001.1,88.3,6.8,225.4,8.0,3.0,1.0,311.0
163,166,32.1,24.7,28.3,42.2,26.3,89.3,12.0,4.17,9.4,998.0,89.8,4.4,225.4,8.0,3.0,1.0,75.0
164,167,32.1,23.8,26.5,40.8,24.6,90.0,9.0,54.17,14.8,1001.7,74.5,2.4,200.5,6.0,3.0,1.0,405.0
165,168,29.1,23.2,25.2,34.7,24.0,93.3,54.0,4.17,11.2,1006.3,83.2,2.7,230.6,8.0,3.0,1.0,67.0
166,169,31.1,23.4,26.7,36.7,24.3,87.9,0.4,4.17,11.2,1006.8,80.8,5.0,293.3,10.0,3.0,1.0,298.0
167,170,31.1,23.9,27.0,37.8,25.0,89.3,6.6,70.83,5.4,1005.7,90.8,3.9,247.2,9.0,2.0,1.0,292.0
168,171,34.1,24.7,28.3,44.0,25.9,88.1,15.4,75.0,5.4,1003.1,80.5,4.6,202.4,8.0,3.0,1.0,59.0
169,172,35.1,25.1,27.6,43.7,25.5,89.4,0.1,4.17,6.1,1001.4,86.4,5.8,163.2,7.0,3.0,1.0,273.0
170,173,28.1,22.1,24.9,32.1,23.9,94.2,22.0,4.17,9.4,1001.3,88.8,2.0,188.4,6.0,3.0,1.0,197.0
171,174,29.1,21.4,25.8,35.8,24.6,93.3,7.0,4.17,7.6,1012.1,91.4,2.7,211.4,7.0,2.0,1.0,161.0
172,175,29.6,22.2,26.0,35.0,24.6,92.4,3.0,4.17,13.0,1009.6,90.4,2.8,234.3,8.0,2.0,1.0,214.0
173,176,30.1,23.1,26.2,35.2,24.2,89.7,0.4,4.17,7.6,1008.8,86.7,3.0,219.1,8.0,3.0,1.0,402.0
174,177,32.1,22.5,26.0,36.9,23.6,87.7,3.0,4.17,9.4,1010.6,64.9,3.8,251.8,8.0,3.0,1.0,218.0
175,178,31.1,23.0,26.4,36.4,24.0,87.6,2.8,66.67,5.8,1011.5,79.8,4.0,287.5,9.0,3.0,1.0,227.0
176,179,31.7,23.7,27.0,36.7,24.3,86.5,4.0,83.33,5.4,1009.5,82.7,4.0,274.3,9.0,3.0,1.0,386.0
177,180,32.1,23.9,27.7,38.2,25.3,88.2,0.8,4.17,5.0,1007.0,84.5,4.0,198.9,7.0,3.0,1.0,152.0
178,181,32.1,24.2,27.7,39.3,25.6,89.3,6.3,75.0,5.8,1006.2,91.8,2.7,170.6,7.0,2.0,1.0,423.0
179,182,31.2,23.8,26.9,36.3,24.5,87.5,9.0,4.17,4.7,1008.3,95.3,2.7,234.1,9.0,2.0,0.0,161.0
180,183,31.1,24.2,27.0,37.3,24.9,89.2,12.0,4.17,7.6,1008.5,78.0,3.8,198.5,8.0,3.0,0.0,144.0
181,184,32.1,24.8,27.5,39.3,25.2,87.9,6.0,4.17,7.6,1008.0,71.0,3.5,257.5,9.0,3.0,0.0,144.0
182,185,32.1,24.8,27.6,40.8,25.2,87.8,5.0,4.17,7.6,1007.3,69.5,4.7,254.4,9.0,3.0,0.0,232.0
183,186,30.8,24.7,26.7,35.4,25.1,91.9,23.0,4.17,4.7,1009.7,90.5,3.0,157.9,6.0,2.0,0.0,409.0
184,187,33.1,23.7,27.9,40.7,25.4,87.3,0.0,0.0,5.4,1009.5,83.0,4.4,191.6,7.0,0.0,1.0,93.0
185,188,31.1,25.4,27.5,37.9,25.4,89.0,6.0,4.17,9.4,1007.2,93.3,3.3,173.5,7.0,2.0,0.0,296.0
186,189,32.1,25.4,27.7,40.8,25.7,89.9,11.0,4.17,13.0,1005.7,89.6,4.2,147.8,6.0,3.0,1.0,135.0
187,190,32.1,24.9,27.9,41.8,25.9,89.8,6.3,70.83,7.6,1005.9,94.1,4.0,192.0,8.0,2.0,0.0,333.0
188,191,32.1,23.4,27.5,40.8,25.3,88.7,11.4,70.83,13.0,1006.3,87.1,4.1,234.5,9.0,3.0,1.0,148.0
189,192,32.1,24.1,27.7,39.3,25.5,88.2,10.0,4.17,13.0,1006.1,90.4,4.3,197.9,8.0,2.0,1.0,435.0
190,193,31.1,23.1,27.5,39.3,25.4,89.3,1.0,4.17,11.2,1006.9,91.5,4.6,255.8,9.0,2.0,1.0,230.0
191,194,31.1,23.2,26.8,37.9,25.0,90.7,74.0,4.17,9.4,1007.4,86.7,3.6,226.7,9.0,3.0,1.0,204.0
192,195,32.1,24.4,26.9,39.3,25.0,90.1,8.0,4.17,9.4,1006.9,84.2,5.4,245.5,9.0,3.0,1.0,177.0
193,196,31.1,22.4,26.1,36.7,24.4,91.4,8.0,4.17,13.0,1008.9,92.1,4.9,270.2,9.0,2.0,1.0,77.0
194,197,30.1,21.7,25.8,35.0,24.2,91.4,4.0,4.17,14.8,1008.4,83.6,3.0,195.7,7.0,3.0,1.0,421.0
195,198,32.1,22.7,26.5,38.0,24.4,89.7,25.1,70.83,11.2,1007.2,92.8,4.0,118.2,4.0,2.0,1.0,313.0
196,199,31.1,22.1,26.3,37.9,24.8,91.9,22.0,4.17,11.2,1008.7,90.9,4.6,121.6,4.0,2.0,1.0,192.0
197,200,30.1,22.2,25.8,34.3,23.7,89.5,13.0,4.17,16.6,1011.9,93.9,3.8,251.7,9.0,2.0,1.0,177.0
198,201,28.1,20.2,24.8,31.4,23.4,92.6,1.0,4.17,13.0,1013.8,94.0,3.0,144.6,5.0,2.0,1.0,74.0
199,202,31.1,22.7,26.1,35.6,23.6,87.5,0.8,4.17,7.6,1013.1,84.9,5.2,229.4,9.0,3.0,1.0,96.0
200,203,31.1,22.2,26.9,36.7,24.5,87.6,0.4,16.67,7.6,1011.1,92.0,4.3,246.2,9.0,2.0,1.0,108.0
201,204,31.1,23.4,26.5,36.3,24.7,90.5,10.0,4.17,7.6,1010.4,90.6,3.3,177.1,6.0,2.0,1.0,197.0
202,205,32.1,23.1,27.8,38.0,24.2,81.9,13.0,4.17,11.2,1012.0,81.0,4.8,238.9,8.0,3.0,1.0,124.0
203,207,33.1,25.2,28.2,39.4,24.6,82.0,2.9,50.0,13.0,1014.5,47.0,6.1,252.4,9.0,3.0,1.0,286.0
204,208,31.1,22.2,27.1,37.9,24.1,84.1,11.0,4.17,5.4,1013.6,76.1,4.3,139.0,5.0,3.0,1.0,156.0
205,209,31.4,24.7,27.8,37.9,23.4,77.7,7.9,83.33,11.2,1012.1,77.4,4.0,189.2,7.0,3.0,1.0,310.0
206,210,31.5,23.3,26.9,37.9,24.4,87.1,0.1,4.17,24.1,1014.0,81.9,3.9,230.6,8.0,3.0,0.0,153.0
207,211,28.1,20.7,24.7,32.4,23.3,91.9,41.0,4.17,9.4,1018.6,91.7,2.8,175.5,6.0,2.0,1.0,264.0
208,212,28.1,20.4,24.3,31.7,23.1,93.0,2.0,4.17,5.4,1020.0,90.1,1.8,98.3,3.0,2.0,1.0,252.0
209,213,29.1,22.4,25.2,32.9,22.8,87.6,3.0,4.17,7.6,1019.7,82.7,3.8,156.3,6.0,3.0,1.0,388.0
210,214,31.1,21.6,25.6,35.6,22.7,85.6,1.0,33.33,14.8,1018.3,60.5,4.3,188.7,7.0,3.0,1.0,53.0
211,215,30.1,22.8,25.7,36.3,23.3,87.1,33.0,4.17,11.2,1017.0,77.1,4.7,205.7,8.0,3.0,1.0,218.0
212,216,29.1,23.7,25.6,32.9,23.3,87.9,6.3,37.5,11.2,1018.1,77.7,3.4,183.5,7.0,3.0,0.0,59.0
213,217,29.1,23.1,25.4,32.1,22.9,86.9,10.0,4.17,9.4,1015.6,86.1,3.1,176.3,7.0,3.0,0.0,92.0
214,218,27.1,20.4,24.0,29.7,22.5,91.8,18.2,66.67,13.0,1013.7,88.1,2.9,168.0,7.0,3.0,1.0,129.0
215,219,30.1,21.4,25.1,33.4,22.1,84.7,4.1,50.0,13.0,1014.6,82.2,3.6,230.4,8.0,3.0,1.0,228.0
216,220,31.1,21.8,25.5,34.7,23.1,87.8,2.8,70.83,9.4,1014.4,57.3,3.7,247.9,9.0,3.0,1.0,393.0
217,221,30.1,22.9,25.8,34.3,23.2,86.1,8.7,66.67,5.4,1014.4,61.1,2.7,227.8,8.0,3.0,1.0,408.0
218,222,30.1,23.8,26.5,34.3,23.1,82.1,12.0,4.17,13.0,1013.9,77.6,3.5,202.7,8.0,3.0,1.0,225.0
219,223,31.1,22.7,26.0,36.7,22.9,83.6,12.0,62.5,9.4,1014.8,81.7,3.0,172.0,7.0,3.0,1.0,293.0
220,224,30.1,23.4,26.1,35.2,22.9,83.4,7.0,4.17,7.6,1015.5,75.5,3.9,178.3,7.0,3.0,1.0,265.0
221,225,28.1,20.7,24.7,32.1,22.7,89.0,1.0,4.17,7.6,1016.7,86.2,2.7,71.0,3.0,3.0,1.0,399.0
222,226,31.1,22.9,25.6,34.7,22.2,82.3,7.1,33.33,11.2,1016.0,77.7,3.8,192.0,8.0,3.0,1.0,252.0
223,227,26.1,21.9,23.4,26.1,22.4,94.5,56.0,4.17,11.2,1015.2,88.4,2.3,87.0,3.0,3.0,1.0,126.0
224,228,28.4,20.9,24.3,31.8,22.5,90.3,23.0,4.17,9.4,1014.7,65.3,2.6,203.9,7.0,3.0,1.0,289.0
225,229,30.1,21.1,25.1,34.3,22.4,86.2,0.0,0.0,11.2,1015.7,33.0,4.3,254.8,9.0,0.0,1.0,113.0
226,230,31.1,21.9,26.0,36.7,23.1,85.5,0.0,0.0,9.4,1016.3,45.1,4.3,250.9,9.0,0.0,0.0,332.0
227,231,29.1,22.8,25.0,33.7,23.1,89.7,25.0,4.17,14.8,1017.0,83.6,3.5,117.7,4.0,3.0,1.0,181.0
228,232,32.3,21.8,25.5,38.1,22.8,86.0,4.0,4.17,7.6,1018.2,53.2,3.0,206.8,7.0,3.0,1.0,227.0
229,233,31.1,22.3,26.0,35.6,22.7,82.8,0.2,4.17,9.4,1017.8,52.5,4.1,246.4,8.0,3.0,1.0,129.0
230,234,31.5,22.6,26.7,36.7,23.4,83.2,0.0,0.0,9.4,1018.0,34.7,3.9,234.9,8.0,0.0,0.0,263.0
231,235,30.1,23.4,26.8,35.2,23.4,82.4,0.0,0.0,9.4,1018.4,40.3,3.9,195.8,7.0,0.0,1.0,343.0
232,236,31.1,22.6,26.5,35.2,22.9,81.4,0.0,0.0,9.4,1017.7,41.4,4.6,247.9,9.0,0.0,0.0,98.0
233,237,30.1,22.3,25.5,34.3,22.5,84.6,1.9,29.17,13.0,1015.7,26.3,3.6,237.6,8.0,3.0,1.0,60.0
234,238,28.5,22.1,24.6,31.6,22.4,88.0,0.2,8.33,13.0,1014.0,49.4,1.8,216.3,8.0,3.0,0.0,262.0
235,239,29.1,23.4,25.6,32.9,22.9,85.3,0.0,0.0,9.4,1013.8,54.8,2.6,213.1,8.0,0.0,1.0,52.0
236,240,27.1,22.7,24.5,29.3,22.8,90.7,0.1,4.17,14.8,1015.3,72.9,1.8,181.2,7.0,3.0,0.0,286.0
237,241,29.8,21.1,24.9,33.3,22.6,88.0,4.6,41.67,9.4,1014.6,74.9,2.6,223.9,8.0,3.0,0.0,425.0
238,242,28.1,22.5,24.8,31.5,22.8,88.4,1.0,4.17,14.8,1016.1,69.1,2.6,135.1,5.0,3.0,0.0,261.0
239,243,29.1,22.3,24.9,32.9,22.3,85.9,15.0,4.17,13.0,1015.8,83.1,2.9,136.6,5.0,3.0,0.0,56.0
240,244,29.1,21.4,24.9,33.7,22.5,87.2,0.7,4.17,11.2,1016.2,85.0,3.0,214.7,7.0,3.0,0.0,281.0
241,245,31.1,21.9,25.3,34.3,21.8,82.6,0.0,0.0,11.2,1015.1,56.4,4.2,232.7,8.0,0.0,1.0,133.0
242,246,31.1,21.1,25.0,33.1,20.3,76.3,0.0,0.0,7.6,1014.5,42.4,4.5,234.2,8.0,0.0,0.0,242.0
243,247,37.6,29.0,33.3,46.3,23.9,59.7,0.9,8.33,14.8,997.2,42.9,3.5,192.2,7.0,2.0,1.0,23559.0
244,248,37.1,25.6,31.3,48.1,25.6,73.6,22.0,12.5,25.9,998.2,64.1,2.8,200.1,7.0,2.0,1.0,4624.0
245,249,37.5,28.0,31.9,42.9,24.8,67.2,0.2,8.33,27.7,998.2,61.3,3.7,240.2,7.0,2.0,1.0,15153.0
246,250,41.0,29.0,33.1,47.6,24.7,62.5,0.0,0.0,16.9,996.9,45.3,3.7,308.4,10.0,1.0,1.0,7422.0
247,251,37.6,25.4,32.6,47.1,25.3,67.0,40.0,4.17,20.5,994.5,65.6,3.2,261.1,8.0,2.0,1.0,15517.0
248,252,29.0,25.0,27.2,38.2,26.6,96.2,41.0,12.5,14.8,994.9,75.8,3.1,141.4,5.0,2.0,0.0,4273.0
249,253,34.0,25.0,27.8,43.2,26.1,91.3,49.0,4.17,14.8,995.9,75.2,3.0,238.4,8.0,2.0,0.0,23724.0
250,254,34.0,26.0,28.9,43.9,26.7,89.5,25.0,8.33,11.2,997.0,73.2,3.2,217.1,6.0,2.0,1.0,5121.0
251,255,30.0,26.0,27.3,38.2,26.6,96.0,8.0,4.17,13.0,997.0,75.2,2.6,101.8,3.0,2.0,0.0,4298.0
252,256,29.0,25.0,27.1,38.2,26.5,97.0,12.0,12.5,19.8,996.3,77.6,2.8,101.6,4.0,2.0,1.0,8539.0
253,257,30.1,24.0,26.7,40.7,25.8,95.4,126.0,16.67,22.3,997.8,72.9,2.4,94.5,3.0,2.0,1.0,7146.0
254,258,33.1,25.0,29.4,46.2,26.9,87.1,6.0,4.17,14.8,999.3,74.0,3.0,229.8,7.0,2.0,0.0,14342.0
255,259,34.0,28.9,31.6,44.3,26.2,73.8,0.0,0.0,20.5,999.2,71.2,3.4,256.9,8.0,1.0,0.0,11928.0
256,260,35.4,29.0,31.7,44.9,25.0,68.6,0.0,0.0,22.3,997.9,59.6,3.3,289.0,9.0,1.0,0.0,13853.0
257,261,35.0,23.6,30.0,45.3,24.9,75.6,23.0,4.17,16.6,997.9,60.1,3.5,258.9,9.0,2.0,1.0,10569.0
258,262,33.0,24.0,28.6,42.3,25.1,82.6,4.0,4.17,9.4,1001.6,76.3,3.6,269.4,9.0,2.0,0.0,7040.0
259,263,34.7,26.9,30.8,43.5,25.7,75.4,0.1,4.17,13.0,1001.5,43.4,3.7,279.9,9.0,2.0,1.0,10280.0
260,264,35.6,28.0,31.8,44.9,26.0,72.8,0.0,0.0,13.0,1001.1,45.0,3.3,152.4,5.0,1.0,1.0,19058.0
261,265,36.6,28.4,31.9,47.2,26.9,76.5,14.0,4.17,9.4,1001.4,51.9,3.3,287.6,9.0,2.0,0.0,5664.0
262,266,36.4,28.9,32.1,49.3,27.0,76.1,0.0,0.0,9.4,1002.0,39.9,3.5,287.9,9.0,1.0,1.0,13446.0
263,267,36.0,28.0,30.6,48.1,26.9,81.6,0.0,0.0,15.1,1001.7,52.9,2.9,230.6,8.0,1.0,0.0,19382.0
264,268,36.1,27.4,31.5,47.0,26.7,77.2,0.0,0.0,9.4,1000.9,62.1,3.2,227.7,7.0,1.0,1.0,21072.0
265,269,35.0,29.3,31.9,46.7,27.3,77.8,0.0,0.0,16.6,999.5,61.5,3.1,182.2,6.0,1.0,1.0,5742.0
266,270,32.4,24.0,26.9,44.0,25.7,93.3,72.0,20.83,15.5,999.6,75.8,2.5,99.8,3.0,2.0,1.0,7413.0
267,271,30.7,25.0,27.0,38.5,25.8,93.2,13.8,12.5,11.2,1000.7,77.0,2.7,143.1,4.0,2.0,1.0,19466.0
268,272,31.0,26.0,27.4,41.3,26.5,94.7,50.2,12.5,14.8,998.1,76.6,2.6,166.3,5.0,2.0,1.0,6868.0
269,273,33.0,25.6,28.4,44.2,26.7,91.2,6.0,4.17,19.4,998.7,70.3,2.8,266.8,9.0,2.0,1.0,4747.0
270,274,32.0,26.0,28.6,44.2,26.8,90.4,10.2,8.33,18.4,999.8,67.5,3.3,233.8,9.0,2.0,0.0,22790.0
271,275,32.5,27.0,30.1,40.9,26.0,79.7,0.5,4.17,32.0,1000.5,56.0,3.8,318.5,10.0,2.0,1.0,5326.0
272,276,32.2,28.0,29.8,42.3,26.3,82.4,0.0,0.0,27.4,999.8,60.9,3.3,201.4,9.0,1.0,1.0,8482.0
273,277,33.0,27.0,30.0,42.0,26.2,80.6,0.0,0.0,18.4,999.3,71.1,3.5,267.5,9.0,1.0,0.0,3909.0
274,278,34.7,26.3,30.5,45.0,27.3,83.5,0.0,0.0,18.4,999.2,65.1,3.3,271.7,9.0,1.0,1.0,9895.0
275,279,34.6,26.9,30.9,49.6,27.5,82.8,2.0,4.17,14.8,997.8,63.1,3.1,253.5,8.0,2.0,1.0,13326.0
276,280,35.4,29.0,31.2,49.6,28.1,84.2,0.0,0.0,13.0,996.9,62.1,3.3,263.4,8.0,1.0,0.0,17240.0
277,281,32.7,27.9,29.2,47.2,27.9,92.7,24.0,4.17,13.0,996.2,72.2,2.7,226.9,8.0,2.0,0.0,4298.0
278,282,32.7,27.0,29.6,46.2,27.3,88.0,0.0,0.0,11.2,996.1,70.2,3.4,179.0,6.0,1.0,0.0,7637.0
279,283,33.0,25.0,27.5,46.6,26.1,92.0,44.0,8.33,16.7,995.4,69.4,2.7,145.3,4.0,2.0,0.0,22063.0
280,284,33.0,27.0,30.0,42.1,25.8,78.9,0.0,0.0,28.4,994.6,69.8,3.6,265.1,9.0,1.0,1.0,8324.0
281,285,32.0,26.1,29.0,44.2,26.6,87.0,0.0,0.0,35.3,997.7,75.0,2.8,295.2,9.0,1.0,1.0,6882.0
282,286,35.0,27.0,30.5,44.9,26.9,82.1,0.0,0.0,13.0,999.6,64.7,3.7,302.6,10.0,1.0,0.0,17717.0
283,287,33.4,27.0,29.6,46.6,27.9,90.9,20.0,4.17,11.2,1000.7,59.8,3.0,258.1,8.0,2.0,0.0,17200.0
284,288,34.7,28.0,30.9,49.5,27.6,83.4,0.0,0.0,16.6,999.0,63.1,3.6,265.1,9.0,1.0,0.0,13786.0
285,289,33.0,28.8,30.0,42.4,27.0,84.5,0.4,4.17,22.3,1000.6,66.5,3.4,177.4,6.0,2.0,1.0,15944.0
286,290,31.0,26.0,28.9,40.7,26.7,87.9,2.6,4.17,21.6,1001.2,73.7,3.3,262.2,9.0,2.0,1.0,18062.0
287,291,32.6,25.4,28.6,42.0,25.8,85.4,4.0,4.17,22.7,1001.7,73.9,3.4,219.9,9.0,2.0,1.0,19710.0
288,292,32.3,25.0,29.0,41.2,26.1,85.1,11.0,4.17,11.2,1002.7,68.0,3.4,125.2,4.0,2.0,0.0,11652.0
289,293,34.0,27.0,30.2,43.8,26.2,80.0,0.1,4.17,11.1,1003.9,53.4,3.4,261.0,8.0,2.0,1.0,7677.0
290,294,32.5,27.0,29.0,42.2,27.0,89.5,0.8,4.17,11.2,1004.4,69.9,2.9,252.1,8.0,2.0,1.0,3912.0
291,295,34.0,27.0,28.3,45.3,26.6,90.9,7.6,8.33,20.5,1003.5,72.9,3.2,183.8,7.0,2.0,0.0,13491.0
292,296,28.0,25.0,26.5,34.5,26.0,97.3,60.0,16.67,14.8,1002.8,78.4,2.6,179.1,6.0,2.0,0.0,21661.0
293,297,32.0,26.0,27.8,44.2,26.3,91.7,10.0,4.17,15.1,1002.7,78.5,2.6,136.4,6.0,2.0,1.0,6939.0
294,298,33.1,26.0,29.5,45.1,26.7,85.5,0.0,0.0,11.2,1002.7,66.2,3.3,178.8,5.0,1.0,0.0,13024.0
295,299,32.4,24.0,28.9,44.2,26.6,87.8,9.0,4.17,18.4,1002.8,72.3,2.9,136.2,4.0,2.0,0.0,7392.0
296,300,33.0,25.0,29.4,44.3,26.7,86.2,0.1,4.17,19.1,1002.6,59.1,3.5,264.1,8.0,2.0,1.0,17638.0
297,301,34.1,27.9,31.1,46.9,27.4,81.3,0.0,0.0,14.8,1001.7,45.9,3.1,281.3,9.0,1.0,0.0,16251.0
298,302,34.6,26.4,31.1,46.7,27.4,81.6,0.1,4.17,15.7,1003.1,42.6,3.8,286.9,9.0,2.0,1.0,16321.0
299,303,34.6,28.0,31.1,48.0,28.0,84.2,0.0,0.0,18.4,1004.2,61.6,3.4,175.9,6.0,1.0,0.0,4095.0
300,304,35.1,28.1,31.3,48.6,27.3,80.8,0.0,0.0,11.2,1001.5,52.1,3.5,254.0,8.0,1.0,0.0,14725.0
301,305,35.0,29.0,31.4,49.2,28.1,83.8,0.2,4.17,14.8,1000.2,53.4,3.3,252.0,9.0,2.0,1.0,8707.0
302,306,32.1,27.7,29.9,46.2,27.8,89.1,0.2,4.17,20.5,1001.9,70.4,3.2,137.3,4.0,2.0,1.0,16634.0
303,307,35.0,26.9,30.9,46.7,27.0,80.7,0.0,0.0,9.4,1001.7,52.4,3.4,265.0,9.0,1.0,0.0,5569.0
304,308,35.0,28.9,31.3,47.3,27.6,82.0,0.0,0.0,8.5,1001.4,62.3,3.4,257.5,9.0,1.0,1.0,19005.0
305,309,34.7,28.0,30.8,46.9,27.2,82.2,0.0,0.0,16.6,1000.9,58.8,3.3,207.0,7.0,1.0,1.0,10818.0
306,310,35.2,26.6,30.5,49.3,27.7,85.6,1.0,4.17,16.2,1000.4,69.9,3.4,268.0,9.0,2.0,1.0,9244.0
307,311,34.6,28.0,29.8,46.5,27.1,86.4,10.0,4.17,16.6,1000.7,71.4,3.1,211.2,8.0,2.0,1.0,10639.0
308,312,33.6,28.0,30.5,44.9,27.3,84.0,0.1,4.17,20.5,1001.0,66.4,3.4,186.0,7.0,2.0,2.0,22330.0
309,313,33.1,27.1,30.2,43.9,27.4,85.2,0.0,0.0,14.8,1000.2,66.0,3.4,235.7,8.0,1.0,1.0,21312.0
310,314,35.0,28.0,31.0,47.3,27.8,83.7,0.0,0.0,16.6,1000.2,50.4,3.4,211.2,8.0,1.0,2.0,6162.0
311,315,35.9,28.9,31.1,49.2,28.1,84.7,0.0,0.0,13.0,1001.9,58.9,3.6,158.0,6.0,1.0,0.0,19173.0
312,316,33.1,25.0,29.2,46.2,27.5,90.9,34.0,12.5,22.3,1003.2,77.1,2.6,153.8,6.0,2.0,0.0,20592.0
313,317,29.0,25.0,26.9,36.8,26.2,96.1,2.0,4.17,16.4,1003.7,80.1,2.6,211.7,7.0,2.0,0.0,23048.0
314,318,32.6,26.0,28.5,43.6,26.4,89.3,5.0,4.17,14.8,1004.7,79.9,3.3,163.1,6.0,2.0,0.0,5999.0
315,319,33.0,27.0,29.3,43.8,26.9,87.5,0.0,0.0,11.9,1004.7,71.0,3.4,221.2,7.0,1.0,1.0,4282.0
316,320,32.6,27.0,28.3,43.0,26.7,91.7,1.4,8.33,14.8,1003.6,71.2,2.7,166.7,6.0,2.0,1.0,13151.0
317,321,31.3,26.0,28.1,40.7,26.3,90.3,0.8,16.67,11.2,1005.3,73.9,3.2,87.5,3.0,2.0,1.0,16202.0
318,322,27.3,24.0,25.8,31.8,24.9,95.3,12.0,4.17,13.3,1009.3,70.7,2.9,57.9,2.0,2.0,1.0,19863.0
319,323,29.2,23.0,24.1,34.5,23.5,96.5,12.0,12.5,17.6,1011.0,73.3,2.7,175.8,6.0,2.0,1.0,12043.0
320,324,31.6,24.0,27.6,42.4,25.8,90.2,0.0,0.0,11.2,1008.9,68.9,3.2,111.8,4.0,1.0,0.0,15976.0
321,325,31.0,24.0,27.0,44.4,25.5,91.7,25.0,8.33,11.2,1008.1,71.0,2.9,170.1,6.0,2.0,1.0,15206.0
322,326,28.2,24.2,25.6,33.7,24.6,94.1,9.0,8.33,25.9,1010.3,77.8,3.0,79.2,3.0,2.0,1.0,21781.0
323,327,29.2,22.0,25.8,35.3,24.7,94.3,33.2,12.5,18.4,1011.6,78.2,2.6,195.5,7.0,2.0,1.0,5156.0
324,328,31.1,24.4,27.4,39.2,25.4,89.5,1.0,4.17,16.6,1012.0,71.9,2.9,119.7,4.0,2.0,1.0,5123.0
325,329,26.0,24.0,24.6,26.0,24.3,98.2,73.0,29.17,20.5,1012.2,78.5,2.0,195.3,7.0,2.0,1.0,14398.0
326,330,25.0,23.0,23.9,25.0,23.8,99.3,43.0,12.5,12.3,1011.1,81.7,2.0,138.7,5.0,2.0,0.0,18407.0
327,331,26.0,23.0,24.2,26.0,23.6,96.1,4.1,8.33,25.9,1009.1,77.6,2.4,145.6,6.0,2.0,1.0,19709.0
328,332,25.8,23.0,23.7,25.8,23.0,95.7,1.0,4.17,14.8,1010.3,76.3,3.0,182.6,6.0,2.0,0.0,12998.0
329,333,28.8,23.0,23.9,32.9,23.0,94.7,0.0,0.0,11.2,1010.1,73.0,3.0,223.4,8.0,1.0,1.0,16305.0
330,334,29.2,22.0,25.3,34.6,23.3,89.2,0.0,0.0,7.6,1009.4,65.7,3.2,173.5,6.0,1.0,0.0,17000.0
331,335,27.0,24.0,25.4,31.2,24.5,94.7,3.1,12.5,9.4,1009.8,71.4,3.0,181.1,7.0,2.0,0.0,4880.0
332,336,31.0,24.8,27.3,36.6,24.5,85.7,0.0,0.0,9.4,1009.9,67.8,3.5,163.2,6.0,1.0,0.0,9641.0
333,337,32.6,24.0,28.0,37.9,24.1,80.6,0.0,0.0,11.2,1010.1,39.7,3.4,245.4,9.0,1.0,0.0,11113.0
334,338,32.4,21.2,27.5,39.2,23.4,79.8,0.0,0.0,11.2,1010.0,24.2,3.1,236.1,8.0,1.0,1.0,14714.0
335,339,32.6,23.0,27.2,36.6,22.7,78.3,0.0,0.0,9.4,1011.0,30.5,3.3,232.3,8.0,1.0,1.0,10181.0
336,340,32.0,23.0,26.9,34.9,22.2,78.1,0.0,0.0,14.8,1011.9,17.8,3.4,230.2,8.0,0.0,0.0,7364.0
337,341,32.6,22.6,26.9,36.6,22.2,77.5,0.0,0.0,11.2,1011.4,3.5,3.5,241.7,8.0,0.0,0.0,7679.0
338,342,32.1,23.0,27.1,36.8,22.9,79.1,0.0,0.0,7.6,1011.4,21.9,3.6,234.6,8.0,1.0,1.0,10252.0
339,343,32.3,23.0,27.4,36.8,22.6,77.5,0.0,0.0,11.2,1010.9,13.4,3.3,231.3,8.0,0.0,0.0,22879.0
340,344,32.0,22.0,27.0,34.9,21.0,72.6,0.0,0.0,13.0,1011.0,17.6,3.2,235.2,8.0,0.0,0.0,16275.0
341,345,33.9,21.0,26.5,35.0,20.5,73.2,0.0,0.0,7.6,1012.2,10.4,3.0,232.8,8.0,0.0,0.0,14884.0
342,346,33.0,21.0,26.8,34.6,20.8,73.0,0.0,0.0,3.6,1013.0,7.5,3.1,207.1,7.0,0.0,1.0,4545.0
343,347,32.4,22.0,27.0,34.9,22.2,77.0,0.0,0.0,6.6,1013.9,15.3,2.8,214.2,8.0,0.0,1.0,9511.0
344,348,32.1,22.0,26.8,36.0,21.6,75.9,0.0,0.0,9.4,1014.2,11.4,3.4,209.3,8.0,0.0,0.0,21223.0
345,349,31.7,23.0,26.6,35.5,21.3,75.4,0.0,0.0,9.4,1014.1,9.2,3.3,196.9,7.0,0.0,0.0,4985.0
346,350,31.6,22.0,26.0,34.7,21.5,78.0,0.0,0.0,7.9,1014.3,37.8,3.0,127.9,5.0,1.0,1.0,5471.0
347,351,30.0,23.0,26.1,33.3,22.5,81.7,0.0,0.0,7.6,1015.0,61.3,3.0,110.4,4.0,1.0,0.0,20146.0
348,352,29.2,21.5,25.6,34.6,23.5,88.6,0.0,0.0,7.9,1014.4,70.9,2.4,107.2,4.0,1.0,1.0,4065.0
349,353,29.3,21.6,24.8,30.6,20.4,78.2,0.0,0.0,11.9,1012.3,59.8,2.2,199.8,7.0,1.0,1.0,14398.0
350,354,30.1,18.0,23.4,30.0,17.4,72.9,0.0,0.0,13.0,1010.2,32.9,2.8,188.2,7.0,1.0,0.0,14841.0
351,355,29.0,16.6,22.9,29.6,18.4,77.9,0.0,0.0,7.9,1010.1,54.4,2.6,177.6,7.0,1.0,1.0,17997.0
352,356,30.1,18.0,23.5,29.6,17.9,73.3,0.0,0.0,7.6,1011.3,14.0,2.3,215.0,8.0,0.0,1.0,22462.0
353,357,28.2,20.0,23.3,30.6,20.6,85.2,0.0,0.0,11.2,1012.4,23.4,2.7,192.8,7.0,1.0,0.0,15817.0
354,358,28.6,18.6,23.1,29.8,19.2,80.5,0.0,0.0,7.6,1013.9,42.5,2.6,218.4,8.0,1.0,0.0,13414.0
355,359,29.0,18.0,23.5,29.9,18.3,74.5,0.0,0.0,11.2,1013.3,52.1,2.8,185.9,7.0,1.0,0.0,10736.0
356,360,28.8,19.0,23.4,29.8,19.5,80.2,0.0,0.0,10.8,1014.2,66.6,2.4,105.8,4.0,1.0,1.0,18209.0
357,361,28.1,19.5,24.1,31.3,21.5,85.9,0.0,0.0,9.4,1012.8,61.2,1.6,139.9,5.0,1.0,1.0,10815.0
358,362,29.2,20.0,23.4,32.8,21.1,87.8,0.0,0.0,7.6,1012.3,71.0,0.8,176.8,6.0,1.0,0.0,22555.0
359,363,37.0,27.6,32.2,43.2,22.7,58.5,0.0,0.0,25.9,1000.9,58.9,6.3,190.9,7.0,0.0,5.0,6325.0
360,364,38.0,27.9,32.0,42.3,23.5,62.6,0.0,0.0,36.5,1003.3,67.8,6.0,146.3,5.0,0.0,5.0,6811.0
361,365,38.0,29.1,32.2,44.7,24.2,64.3,0.0,0.0,34.2,1007.0,49.6,6.8,157.0,5.0,0.0,3.0,9926.0
362,366,40.0,29.0,32.7,43.9,23.9,62.8,0.0,0.0,35.6,1008.5,43.2,6.7,155.7,5.0,0.0,3.0,24131.0
363,367,37.0,29.3,32.3,42.1,23.2,60.3,0.0,0.0,27.1,1007.8,55.1,6.7,139.4,5.0,0.0,3.0,7851.0
364,368,37.1,27.9,32.5,42.6,22.8,58.1,0.0,0.0,38.3,1006.1,68.4,6.5,163.0,6.0,0.0,3.0,6592.0
365,369,39.0,29.3,32.7,41.9,22.4,56.5,0.0,0.0,48.5,1005.6,44.4,6.3,196.9,7.0,0.0,3.0,5738.0
366,370,39.0,29.4,32.9,43.2,22.3,55.4,0.0,0.0,49.1,1003.1,40.7,6.7,174.2,7.0,0.0,3.0,5427.0
367,371,39.0,28.0,32.5,43.6,23.4,60.9,7.0,4.17,50.9,1001.9,50.6,6.1,142.3,5.0,1.0,3.0,21312.0
368,372,37.0,27.0,30.8,41.0,24.1,69.0,3.725,8.33,25.9,1001.7,65.8,6.5,103.0,4.0,1.0,3.0,5999.0
369,373,36.0,29.0,31.7,43.2,22.6,59.4,0.0,0.0,20.5,1004.4,65.7,6.4,148.9,6.0,0.0,3.0,20375.0
370,374,37.0,28.7,31.5,41.9,23.9,65.1,0.3,4.17,22.3,1005.5,45.0,6.7,168.5,6.0,1.0,3.0,15824.0
371,375,37.0,27.0,31.5,44.4,24.2,66.8,5.308,4.17,18.4,1004.6,52.8,6.6,205.8,7.0,1.0,3.0,12956.0
372,376,36.0,27.0,30.4,43.5,24.1,69.9,0.1,4.17,38.2,1003.5,61.3,6.1,104.5,3.0,1.0,5.0,8905.0
373,377,38.0,26.6,30.3,43.4,23.9,70.4,8.381,8.33,28.9,1005.8,46.0,6.3,129.2,4.0,1.0,3.0,24733.0
374,378,37.0,23.9,29.6,43.3,24.8,77.8,41.465,8.33,38.4,1008.5,55.1,6.3,151.8,5.0,1.0,3.0,22991.0
375,379,34.0,25.7,30.4,42.0,25.5,76.0,6.612,8.33,22.4,1007.5,68.5,6.1,168.0,6.0,1.0,3.0,16311.0
376,380,37.0,27.5,31.3,44.5,25.2,71.2,0.58,4.17,22.3,1007.0,61.0,6.3,121.7,4.0,1.0,3.0,22229.0
377,381,35.0,27.8,30.4,41.9,24.8,72.9,0.0,0.0,22.3,1006.9,55.9,6.1,99.8,3.0,0.0,3.0,8215.0
378,382,37.0,25.8,30.0,44.5,24.9,75.1,0.274,4.17,26.0,1006.5,48.6,6.4,160.8,6.0,1.0,3.0,24910.0
379,383,35.0,26.9,30.6,40.6,24.5,71.3,0.0,0.0,44.3,1007.2,53.4,6.6,181.4,6.0,0.0,3.0,20918.0
380,384,29.1,27.0,28.3,35.7,25.4,84.3,10.411,16.67,42.8,1008.8,71.3,4.8,127.0,5.0,1.0,3.0,7182.0
381,385,34.0,26.0,29.0,40.6,23.9,75.3,41.711,12.5,43.8,1011.6,71.1,5.6,246.9,8.0,1.0,4.0,14239.0
382,386,36.0,26.0,30.4,43.2,24.4,71.7,12.902,12.5,37.6,1008.5,49.1,6.2,236.3,8.0,1.0,3.0,24838.0
383,387,34.0,25.0,29.0,42.2,25.8,83.9,85.707,16.67,43.2,1009.2,70.4,5.4,151.6,5.0,1.0,3.0,23418.0
384,388,33.0,24.3,28.7,40.6,24.5,79.1,42.865,8.33,27.7,1009.2,68.4,5.5,161.5,6.0,1.0,3.0,13462.0
385,389,35.0,28.0,30.8,43.3,23.8,66.7,0.0,0.0,23.2,1008.9,62.0,6.3,169.7,7.0,0.0,3.0,13548.0
386,390,34.0,26.0,30.5,40.6,24.1,69.6,0.4,4.17,18.1,1008.7,62.0,6.5,175.1,6.0,1.0,3.0,7043.0
387,391,35.0,27.0,30.0,43.3,24.9,75.2,0.6,4.17,23.6,1009.4,60.2,6.2,153.9,5.0,1.0,3.0,5740.0
388,392,34.0,27.3,30.2,40.6,24.8,73.9,0.0,0.0,20.5,1010.5,49.2,6.7,192.5,7.0,0.0,3.0,19187.0
389,393,37.0,28.8,31.5,44.5,24.7,68.9,0.0,0.0,24.1,1011.3,48.6,6.8,209.1,8.0,0.0,3.0,23425.0
390,394,35.0,28.5,31.1,42.4,25.1,71.8,0.0,0.0,30.8,1011.8,52.9,6.7,151.1,6.0,0.0,3.0,18760.0
391,395,36.0,27.5,31.1,43.2,24.8,70.9,0.0,0.0,47.1,1010.1,52.3,6.4,185.3,6.0,0.0,3.0,23393.0
392,396,37.0,27.1,31.2,44.5,24.0,67.0,3.0,4.17,30.1,1008.7,58.3,6.6,220.3,8.0,1.0,3.0,20265.0
393,397,35.0,26.0,30.4,41.9,23.8,68.4,0.274,4.17,33.3,1008.0,67.1,6.2,184.8,6.0,1.0,3.0,20905.0
394,398,35.0,25.8,30.3,43.3,23.7,69.0,0.145,4.17,32.2,1008.0,68.3,6.2,145.0,5.0,1.0,3.0,24711.0
395,399,35.0,27.8,31.2,41.9,23.5,64.1,0.0,0.0,33.9,1008.8,62.9,6.6,154.8,5.0,0.0,3.0,7002.0
396,400,37.0,28.7,31.9,44.7,23.5,61.7,0.0,0.0,29.9,1008.3,64.0,6.4,185.3,7.0,0.0,3.0,6274.0
397,401,37.0,27.3,31.3,46.0,23.0,62.3,0.0,0.0,22.3,1008.7,60.6,6.5,181.3,6.0,0.0,3.0,22360.0
398,402,37.0,26.6,30.8,46.0,23.2,64.8,0.0,0.0,30.5,1007.6,56.3,6.6,217.4,9.0,0.0,3.0,20379.0
399,403,39.0,26.8,31.5,44.6,23.5,64.3,0.0,0.0,24.1,1006.8,45.3,7.2,229.8,8.0,0.0,3.0,20223.0
400,404,38.0,25.7,31.7,45.8,23.8,64.4,0.0,0.0,30.5,1007.9,45.6,6.5,155.3,5.0,0.0,3.0,8073.0
401,405,37.0,25.7,30.2,46.0,25.4,77.1,0.274,4.17,22.3,1012.1,55.5,5.9,219.9,8.0,1.0,3.0,11351.0
402,406,36.0,26.1,30.3,44.7,25.5,77.0,8.981,8.33,18.4,1009.7,63.7,6.6,173.4,5.0,1.0,3.0,23163.0
403,407,37.0,25.2,30.3,46.0,25.5,77.1,3.0,4.17,18.4,1010.9,57.3,6.2,160.5,6.0,1.0,3.0,6599.0
404,408,31.0,24.6,27.7,39.1,25.6,89.1,39.628,16.67,38.3,1010.3,63.9,4.8,96.9,3.0,1.0,3.0,23364.0
405,409,31.0,26.0,28.3,37.7,25.1,83.6,32.664,16.67,26.0,1012.4,64.6,5.5,115.0,4.0,1.0,3.0,13495.0
406,410,36.0,27.9,30.4,46.3,25.5,75.9,0.0,0.0,30.9,1012.2,46.6,7.2,175.2,7.0,0.0,3.0,7619.0
407,411,35.0,27.0,30.1,46.7,26.4,81.2,8.248,4.17,44.4,1009.4,58.0,6.3,169.1,6.0,1.0,3.0,5289.0
408,412,35.0,27.0,30.5,44.9,25.8,76.7,7.549,8.33,48.1,1007.0,64.7,6.2,77.8,3.0,1.0,3.0,24983.0
409,413,33.0,25.9,29.8,42.1,24.9,75.6,0.0,0.0,22.3,1004.4,66.9,6.0,106.8,3.0,0.0,3.0,23446.0
410,414,36.0,27.3,30.6,44.7,24.8,72.3,0.0,0.0,28.1,1007.7,59.4,6.8,149.8,5.0,0.0,3.0,20660.0
411,415,35.0,27.8,31.0,43.5,24.8,70.8,0.0,0.0,22.3,1007.2,49.5,6.9,210.2,7.0,0.0,3.0,18323.0
412,417,36.0,28.0,31.5,44.7,24.7,68.2,0.0,0.0,26.5,1006.7,49.0,7.2,199.4,7.0,0.0,3.0,9839.0
413,418,36.0,24.5,30.4,43.2,24.5,72.3,8.177,4.17,29.5,1007.1,60.6,5.9,165.5,6.0,1.0,3.0,12476.0
414,419,37.0,26.8,31.2,46.0,25.7,74.6,0.0,0.0,25.9,1006.7,45.5,6.1,165.6,5.0,0.0,3.0,18589.0
415,420,37.0,23.4,30.3,44.7,24.9,74.5,24.884,8.33,25.9,1004.9,47.4,5.8,211.8,8.0,1.0,3.0,22597.0
416,421,33.0,27.8,30.4,43.8,25.5,76.0,0.0,0.0,16.6,1002.9,59.0,6.2,165.0,6.0,0.0,4.0,11939.0
417,422,33.0,26.0,29.5,39.1,24.9,77.2,4.435,8.33,14.8,1002.8,66.5,6.1,168.0,6.0,1.0,3.0,22384.0
418,423,34.0,27.0,29.9,41.2,25.1,76.2,8.148,16.67,17.2,1006.9,66.7,6.5,136.7,5.0,1.0,3.0,21765.0
419,424,34.0,25.8,29.2,42.0,25.0,79.2,3.451,4.17,18.4,1006.6,69.8,6.4,223.1,8.0,1.0,3.0,22917.0
420,425,35.0,26.5,29.8,43.3,25.0,76.8,7.823,8.33,39.7,1005.8,59.7,6.1,177.5,6.0,1.0,3.0,12482.0
421,426,34.0,27.0,30.2,38.3,23.0,66.3,0.0,0.0,38.8,1008.2,59.9,6.6,236.7,9.0,0.0,3.0,22510.0
422,427,37.0,28.3,30.9,41.0,22.4,61.8,0.0,0.0,27.4,1010.4,60.8,6.6,236.0,8.0,0.0,3.0,8587.0
423,428,36.0,28.4,31.3,40.8,22.9,62.5,0.0,0.0,31.7,1011.3,51.8,6.7,216.8,8.0,0.0,3.0,15358.0
424,429,35.0,28.4,30.7,40.6,23.0,64.4,0.0,0.0,28.7,1010.6,51.5,6.8,190.0,7.0,0.0,3.0,6691.0
425,430,36.0,28.3,30.7,43.3,24.2,69.6,0.0,0.0,26.5,1008.2,49.4,6.9,185.9,8.0,0.0,3.0,19692.0
426,431,33.0,25.9,29.1,39.2,24.6,77.4,0.508,4.17,22.8,1000.9,65.9,6.2,127.9,5.0,1.0,0.0,23798.0
427,432,34.0,24.0,28.3,40.5,24.0,78.9,11.195,8.33,25.9,1000.3,62.1,6.2,122.6,4.0,1.0,0.0,12021.0
428,433,34.0,25.9,28.9,41.1,23.9,75.4,0.0,0.0,22.3,999.8,59.4,6.3,111.4,4.0,0.0,0.0,18045.0
429,434,34.0,25.0,29.1,40.9,23.7,73.7,0.0,0.0,18.4,1003.0,49.6,6.8,219.0,8.0,0.0,0.0,17502.0
430,435,35.0,26.0,29.5,41.9,24.5,75.4,0.767,8.33,18.4,1007.9,50.9,6.3,122.2,4.0,1.0,0.0,16735.0
431,436,34.0,26.0,30.1,43.4,24.1,71.0,1.1,4.17,27.7,1005.9,54.2,6.8,145.7,6.0,1.0,0.0,9113.0
432,437,33.0,25.9,28.9,39.3,24.8,79.4,2.342,8.33,24.1,1005.4,69.5,6.3,186.7,7.0,1.0,0.0,16830.0
433,438,31.0,26.7,28.9,39.1,25.3,81.4,5.5,8.33,24.3,1005.9,63.8,6.4,105.7,4.0,1.0,0.0,11181.0
434,439,30.0,23.8,26.7,36.8,25.0,90.5,143.164,16.67,18.4,1007.5,67.2,4.7,193.1,7.0,1.0,0.0,21805.0
435,440,32.0,26.0,28.4,39.2,25.6,85.3,3.628,4.17,13.0,1007.6,59.8,5.2,156.3,6.0,1.0,0.0,21709.0
436,441,33.0,26.8,29.0,43.7,25.6,82.4,1.0,16.67,14.2,1007.0,45.6,5.6,163.6,6.0,1.0,0.0,7013.0
437,442,30.7,26.7,27.9,38.2,25.7,88.2,23.525,4.17,17.0,1007.4,62.6,4.3,157.6,6.0,1.0,2.0,9512.0
438,443,33.0,26.9,29.0,42.1,25.9,84.1,5.451,4.17,24.6,1008.0,66.0,4.8,175.7,6.0,1.0,0.0,7412.0
439,444,32.0,26.0,28.6,40.6,25.6,84.1,16.274,8.33,19.4,1010.3,64.1,5.9,128.2,4.0,1.0,0.0,15098.0
440,445,32.0,24.0,28.1,40.6,24.7,82.1,30.786,8.33,18.4,1013.0,51.2,6.3,162.2,5.0,1.0,0.0,9816.0
441,446,32.0,26.5,29.2,40.6,25.1,79.4,0.0,0.0,18.4,1013.9,40.1,6.6,232.5,8.0,0.0,1.0,11487.0
442,447,33.0,26.0,29.3,39.3,24.4,76.0,0.0,0.0,18.4,1012.6,38.0,6.3,240.2,8.0,0.0,0.0,15736.0
443,448,33.0,26.9,29.5,39.3,24.6,76.0,0.0,0.0,14.8,1012.9,46.0,6.0,221.3,8.0,0.0,0.0,18149.0
444,449,32.0,26.5,29.1,37.9,24.5,77.0,0.726,4.17,18.4,1011.9,42.1,6.0,210.2,8.0,1.0,0.0,18601.0
445,450,34.0,26.0,29.5,40.6,24.6,75.8,0.0,0.0,27.7,1010.9,38.0,6.4,233.9,8.0,0.0,0.0,9569.0
446,451,34.0,27.0,29.9,42.1,25.3,77.3,0.0,0.0,26.2,1010.6,40.0,6.0,164.0,6.0,0.0,0.0,12304.0
447,452,34.0,27.0,29.9,42.1,25.0,76.1,0.0,0.0,22.3,1010.2,35.7,6.5,258.6,9.0,0.0,0.0,17449.0
448,453,34.0,27.0,29.9,40.6,24.9,75.1,0.0,0.0,18.4,1009.9,35.0,6.6,206.6,7.0,0.0,0.0,10867.0
449,454,33.0,26.0,29.5,39.3,24.2,73.7,0.0,0.0,18.4,1009.5,38.0,6.5,218.4,8.0,0.0,0.0,14223.0
450,455,33.0,27.0,29.9,39.9,24.9,75.5,0.0,0.0,18.4,1009.8,39.9,6.5,144.1,5.0,0.0,0.0,7744.0
451,456,35.0,27.0,30.1,40.6,24.7,74.0,0.0,0.0,16.6,1009.7,32.9,6.3,210.9,7.0,0.0,0.0,21823.0
452,457,34.0,27.0,29.9,40.6,24.7,74.5,0.0,0.0,16.6,1009.4,37.6,6.3,215.0,7.0,0.0,0.0,13055.0
453,458,32.0,27.0,29.8,39.7,24.7,74.9,0.0,0.0,18.4,1009.3,39.6,6.2,237.8,8.0,0.0,0.0,14994.0
454,459,32.1,27.0,29.2,38.9,24.8,77.7,0.274,4.17,16.6,1009.6,43.2,5.8,256.6,9.0,1.0,0.0,12875.0
455,460,33.0,26.0,29.7,40.6,24.8,75.6,0.0,0.0,18.4,1009.6,36.3,6.3,196.4,7.0,0.0,0.0,13505.0
456,461,33.0,27.0,30.2,40.6,24.9,73.9,0.0,0.0,20.5,1010.4,40.9,6.2,191.4,7.0,0.0,0.0,23045.0
457,462,34.0,27.0,30.2,42.0,24.9,74.3,3.027,8.33,22.3,1010.5,46.2,6.2,129.6,5.0,1.0,0.0,19305.0
458,463,33.0,26.0,29.2,40.6,25.6,81.9,5.337,12.5,18.4,1009.6,65.1,5.5,113.9,4.0,1.0,0.0,16076.0
459,464,30.0,24.7,27.1,37.4,25.0,88.3,12.556,12.5,16.6,1010.2,64.8,5.4,177.8,7.0,1.0,0.0,21442.0
460,465,28.0,24.0,25.8,32.7,24.9,94.9,60.902,16.67,11.2,1010.8,71.2,4.3,130.7,4.0,1.0,0.0,16990.0
461,466,31.0,24.7,27.7,37.7,25.1,86.4,73.931,8.33,18.4,1010.7,65.9,5.1,177.6,6.0,1.0,0.0,10498.0
462,467,31.0,25.0,27.4,37.7,25.3,88.9,5.683,12.5,16.6,1010.8,70.1,5.0,111.0,4.0,1.0,1.0,23733.0
463,468,30.0,25.0,27.0,36.2,25.5,91.5,23.378,12.5,18.4,1010.3,71.6,4.8,93.5,3.0,1.0,2.0,22652.0
464,469,28.0,25.0,26.1,32.7,25.0,93.7,55.469,16.67,17.0,1009.2,74.0,4.1,124.0,4.0,1.0,0.0,12744.0
465,470,27.0,24.0,25.5,30.6,24.4,93.5,24.237,16.67,15.7,1008.6,68.9,4.3,125.2,4.0,1.0,0.0,11327.0
466,471,32.0,25.0,28.2,37.9,24.6,81.7,0.0,0.0,13.0,1008.1,58.5,5.7,125.6,5.0,0.0,0.0,21693.0
467,472,30.0,25.0,27.3,36.2,24.7,86.2,1.651,8.33,22.3,1009.4,73.2,5.0,107.0,3.0,1.0,0.0,11071.0
468,473,30.1,26.7,28.2,37.4,25.1,83.3,0.0,0.0,18.4,1009.5,71.4,5.1,98.9,4.0,0.0,0.0,16329.0
469,474,31.0,24.0,27.6,39.1,25.1,86.4,23.549,12.5,16.6,1010.3,60.1,4.4,93.7,3.0,1.0,0.0,13484.0
470,475,32.0,26.0,28.8,40.6,25.1,81.0,0.0,0.0,20.5,1009.9,38.6,5.1,152.7,5.0,0.0,0.0,17263.0
471,476,31.0,25.0,28.1,38.8,25.4,85.8,18.958,16.67,14.8,1010.1,62.3,5.0,109.5,4.0,1.0,0.0,12931.0
472,477,28.0,24.0,25.9,33.6,25.1,95.2,75.787,20.83,14.8,1011.1,80.6,2.8,210.5,7.0,1.0,0.0,9097.0
473,478,30.1,25.0,27.3,35.9,24.7,86.3,2.232,4.17,16.6,1010.8,65.0,5.5,233.7,8.0,1.0,0.0,8900.0
474,481,30.0,25.0,27.2,37.3,25.7,91.8,13.0,8.33,18.4,1003.9,69.2,2.8,149.5,5.0,2.0,1.0,9911.0
475,482,29.4,25.8,27.6,37.6,26.2,92.3,23.0,12.5,25.8,1003.1,67.5,2.5,200.6,6.0,2.0,1.0,6630.0
476,483,30.0,26.0,28.4,39.9,26.3,88.9,40.0,16.67,29.9,1001.8,70.2,2.3,210.9,7.0,2.0,1.0,4334.0
477,484,30.1,25.0,28.0,39.0,26.1,89.5,76.0,25.0,29.5,1000.9,77.8,2.3,133.6,4.0,2.0,1.0,8420.0
478,485,30.0,28.0,29.3,38.8,26.9,86.9,13.0,8.33,31.7,1002.1,63.7,2.4,107.9,4.0,2.0,1.0,3810.0
479,486,29.3,26.0,28.4,37.9,26.6,90.3,143.0,16.67,50.0,1003.3,70.3,2.1,220.0,7.0,2.0,1.0,6947.0
480,487,31.6,27.5,29.1,41.3,26.3,84.9,8.2,12.5,26.5,1002.6,67.5,2.5,139.0,4.0,2.0,3.0,7649.0
481,488,29.0,26.0,27.4,35.6,26.0,92.3,47.8,25.0,25.8,1002.8,70.6,2.5,204.3,8.0,2.0,1.0,5940.0
482,489,31.3,27.0,29.1,41.7,26.6,86.4,7.6,8.33,29.5,1005.2,69.7,2.7,138.3,5.0,2.0,1.0,5125.0
483,490,32.3,26.0,29.1,43.3,26.4,85.8,25.2,16.67,24.1,1006.4,62.7,2.8,217.4,7.0,2.0,1.0,4632.0
484,491,30.1,27.3,28.7,37.9,26.4,87.1,12.2,12.5,24.1,1007.1,59.9,2.7,209.7,7.0,2.0,1.0,12077.0
485,492,31.0,27.9,29.2,40.6,26.2,83.9,2.0,4.17,21.3,1007.0,63.4,3.0,152.5,5.0,2.0,1.0,4479.0
486,493,31.3,28.5,29.7,41.1,26.1,81.2,0.0,0.0,22.9,1005.7,66.3,3.1,247.7,8.0,1.0,1.0,8876.0
487,494,30.3,27.9,29.1,38.8,26.1,84.2,9.8,12.5,25.7,1006.4,63.0,2.7,135.5,4.0,2.0,1.0,11970.0
488,495,31.8,28.0,29.6,40.6,25.8,80.4,5.0,4.17,23.6,1006.2,59.3,3.3,183.1,6.0,2.0,1.0,12132.0
489,496,32.0,28.0,29.8,40.6,25.7,79.2,2.0,4.17,21.1,1004.2,49.3,3.3,273.4,9.0,2.0,1.0,11215.0
490,497,32.5,27.9,30.1,40.6,25.7,77.3,0.0,0.0,23.5,1002.7,45.0,3.3,272.0,9.0,1.0,1.0,7842.0
491,498,31.7,26.9,29.0,40.1,26.0,84.1,4.2,8.33,18.4,1001.9,67.3,3.2,228.2,8.0,2.0,1.0,4879.0
492,499,32.0,26.9,29.3,41.2,26.1,83.2,0.0,0.0,19.0,1000.4,66.8,2.9,192.5,7.0,1.0,1.0,9548.0
493,500,33.3,26.0,29.6,43.8,26.0,81.6,16.0,8.33,22.2,1000.0,64.1,3.3,123.1,4.0,2.0,1.0,12386.0
494,501,31.3,27.7,29.4,41.1,26.0,82.1,1.0,4.17,21.7,1000.5,66.1,3.0,215.2,8.0,2.0,1.0,5888.0
495,502,29.0,26.0,26.9,36.9,25.8,93.6,112.0,25.0,29.5,1003.5,69.4,2.1,138.6,4.0,2.0,1.0,13599.0
496,503,30.0,26.0,27.8,37.8,25.8,89.3,48.0,25.0,21.8,1005.8,69.6,2.1,168.8,6.0,2.0,1.0,8905.0
497,504,30.9,26.0,28.0,39.0,25.8,88.2,150.0,25.0,31.7,1004.7,71.6,2.2,135.8,5.0,2.0,1.0,13622.0
498,505,29.7,25.7,27.8,37.8,25.6,87.7,92.0,25.0,33.6,1004.7,71.8,2.2,94.7,3.0,2.0,1.0,4036.0
499,506,30.0,27.0,28.8,37.7,25.8,83.7,10.5,12.5,30.0,1004.6,66.6,2.6,154.2,6.0,2.0,1.0,10982.0
500,507,29.0,26.3,28.1,35.6,25.7,86.7,19.0,16.67,29.9,1003.8,68.9,2.6,119.4,4.0,2.0,1.0,5338.0
501,508,28.7,24.0,26.9,34.6,25.3,91.4,81.0,29.17,29.5,1004.5,72.4,2.4,105.9,5.0,2.0,1.0,12104.0
502,509,29.0,26.7,28.0,35.6,25.4,86.2,10.0,12.5,31.8,1005.7,68.8,2.7,147.3,5.0,2.0,1.0,12715.0
503,510,30.9,27.0,28.5,38.4,25.6,84.5,16.0,16.67,32.9,1005.1,68.4,2.7,283.3,9.0,2.0,1.0,8869.0
504,511,28.7,25.0,26.9,34.6,25.2,90.3,118.0,25.0,35.3,1003.9,73.0,2.2,212.8,8.0,2.0,1.0,7826.0
505,512,28.0,25.0,26.5,33.6,25.2,92.8,148.0,33.33,29.5,1003.3,78.0,1.9,73.0,2.0,2.0,1.0,9280.0
506,513,28.0,24.9,27.0,34.6,25.8,93.4,97.0,20.83,33.5,1002.5,79.0,1.9,93.1,3.0,2.0,0.0,6283.0
507,514,29.0,26.0,28.0,35.6,25.9,88.5,40.0,16.67,27.7,1002.4,71.7,2.5,158.3,5.0,2.0,1.0,3930.0
508,515,29.0,25.7,27.9,35.8,25.8,88.1,10.0,12.5,27.7,1002.0,69.9,2.5,130.4,4.0,2.0,1.0,11889.0
509,516,29.0,27.0,28.1,35.6,25.8,87.3,5.0,8.33,30.8,1001.1,66.8,2.6,101.8,4.0,2.0,1.0,7515.0
510,517,29.0,27.9,28.2,35.6,25.8,87.0,0.2,4.17,31.7,1000.4,68.8,2.6,148.5,5.0,2.0,1.0,5631.0
511,518,29.0,27.8,28.1,35.6,25.8,87.3,5.8,8.33,31.7,1000.5,70.5,2.6,89.6,3.0,2.0,1.0,5919.0
512,519,29.3,28.0,28.4,36.2,25.5,83.9,0.5,4.17,29.5,1002.0,66.1,2.7,224.2,7.0,2.0,1.0,11639.0
513,520,30.3,27.3,28.6,37.5,25.3,82.6,7.5,12.5,26.6,1004.3,65.8,2.7,254.1,8.0,2.0,1.0,9776.0
514,521,30.7,27.3,28.6,39.0,25.6,83.5,3.1,8.33,22.8,1005.1,68.2,2.7,213.5,7.0,2.0,1.0,6543.0
515,522,30.3,27.0,28.3,37.9,25.7,85.6,1.0,4.17,25.8,1005.3,63.7,2.8,240.0,9.0,2.0,1.0,11190.0
516,523,29.7,27.0,28.3,36.9,25.6,85.7,5.0,8.33,22.3,1006.0,64.0,2.8,118.7,4.0,2.0,1.0,8299.0
517,524,30.0,26.7,28.2,37.4,25.5,85.2,6.0,12.5,26.6,1006.7,69.1,2.8,243.3,8.0,2.0,1.0,10453.0
518,525,30.4,26.0,28.3,37.6,25.3,84.3,6.0,8.33,26.6,1006.4,67.6,3.1,271.3,9.0,2.0,1.0,10998.0
519,526,30.7,26.8,28.6,37.9,25.0,80.8,0.2,4.17,24.8,1006.2,57.9,3.2,279.2,9.0,2.0,1.0,11419.0
520,527,30.7,26.0,28.6,37.3,24.9,80.6,3.0,8.33,24.1,1007.9,53.1,3.3,275.1,9.0,2.0,1.0,11467.0
521,528,30.3,27.1,28.7,37.3,25.0,80.3,1.0,4.17,20.5,1009.0,54.0,3.8,248.1,9.0,2.0,1.0,7270.0
522,529,31.1,27.2,29.1,37.2,24.4,76.2,0.0,0.0,25.4,1008.9,43.6,4.2,213.2,7.0,1.0,1.0,10841.0
523,530,31.1,26.0,28.9,38.1,24.8,79.0,6.4,8.33,24.1,1008.1,51.2,3.8,289.9,10.0,2.0,1.0,11120.0
524,531,31.5,26.3,29.0,37.4,24.6,77.6,0.1,4.17,24.7,1007.4,53.1,3.5,290.0,9.0,2.0,1.0,11660.0
525,532,31.3,26.2,29.1,38.2,24.7,77.5,0.0,0.0,25.3,1007.3,57.7,3.8,267.4,9.0,1.0,1.0,3951.0
526,533,31.0,27.0,28.7,36.6,24.4,77.5,3.0,8.33,24.8,1007.0,56.1,3.4,280.0,9.0,2.0,1.0,12350.0
527,534,30.3,26.0,28.1,36.1,24.2,79.6,14.0,8.33,21.8,1006.0,58.5,3.2,225.3,7.0,2.0,1.0,9304.0
528,535,31.3,25.8,28.5,37.0,24.2,78.4,0.1,4.17,26.5,1005.7,53.9,3.4,225.4,7.0,2.0,1.0,5061.0
529,536,31.0,27.0,28.7,36.9,24.1,76.3,3.0,8.33,24.8,1004.6,54.3,3.3,287.4,10.0,2.0,1.0,6157.0
530,537,31.3,26.0,28.7,37.6,24.7,79.4,3.0,4.17,25.5,1004.8,49.5,3.5,290.7,10.0,2.0,1.0,11439.0
531,538,32.4,26.8,29.1,40.1,25.5,81.4,3.7,8.33,20.5,1005.1,53.3,3.6,259.9,8.0,2.0,1.0,11962.0
532,539,30.0,26.5,28.2,37.8,25.6,86.4,10.0,12.5,25.3,1003.8,62.8,2.8,245.3,8.0,2.0,1.0,9603.0
533,540,29.3,26.9,28.1,35.9,25.5,86.4,11.0,12.5,21.1,1002.2,70.7,2.8,140.0,5.0,2.0,1.0,12253.0
534,541,28.0,25.5,26.9,33.6,24.9,88.8,25.0,25.0,29.3,1003.9,67.9,2.5,133.7,5.0,2.0,3.0,9117.0
535,542,31.3,26.8,28.4,38.9,25.4,84.0,26.0,8.33,24.1,1004.8,67.4,2.7,207.0,8.0,2.0,1.0,9883.0
536,545,28.7,26.1,27.1,35.0,25.8,92.7,30.0,16.67,24.1,1002.0,69.6,2.6,155.4,5.0,2.0,1.0,7079.0
537,546,29.0,26.0,27.2,35.9,25.5,90.8,29.0,20.83,24.0,1002.5,71.2,2.5,145.4,5.0,2.0,1.0,9407.0
538,547,29.0,25.7,26.9,35.2,25.4,91.9,78.0,29.17,25.9,1002.9,71.1,2.3,218.5,8.0,2.0,1.0,11271.0
539,548,28.6,25.0,26.6,34.5,25.6,94.0,74.0,25.0,22.8,1004.4,67.9,2.3,185.5,6.0,2.0,1.0,3947.0
540,549,28.4,25.6,27.2,34.3,25.6,91.2,52.0,12.5,29.0,1004.5,66.5,2.4,206.9,7.0,2.0,1.0,6189.0
541,550,31.3,26.2,27.9,39.7,25.5,87.2,0.3,4.17,24.8,1004.2,66.2,2.9,238.3,8.0,2.0,1.0,10615.0
542,551,29.3,25.8,27.2,36.2,25.1,88.8,7.7,8.33,27.2,1007.1,67.0,2.7,197.7,6.0,2.0,1.0,4430.0
543,552,29.0,26.0,27.4,35.6,25.5,89.4,11.0,12.5,25.9,1008.4,71.1,2.7,123.7,4.0,2.0,1.0,11377.0
544,553,29.0,24.4,27.3,35.9,25.4,89.8,39.0,16.67,23.5,1008.7,68.4,2.6,225.5,8.0,2.0,1.0,12174.0
545,554,30.2,26.5,28.4,38.4,26.0,87.2,15.0,12.5,24.1,1008.4,63.8,3.1,246.3,9.0,2.0,1.0,4324.0
546,555,29.4,24.7,26.5,34.1,24.5,88.7,39.0,12.5,22.3,1009.1,69.8,2.8,256.0,9.0,2.0,1.0,14225.0
547,556,29.0,26.9,27.9,35.6,25.7,87.9,4.0,8.33,23.5,1008.0,60.0,2.8,269.1,9.0,2.0,1.0,4986.0
548,557,29.1,26.0,27.6,35.7,25.6,88.7,3.0,8.33,23.3,1007.0,66.5,2.8,251.5,9.0,2.0,1.0,6527.0
549,559,30.7,25.0,27.3,37.6,25.0,87.9,6.1,8.33,17.8,1005.8,67.4,2.6,181.8,7.0,2.0,1.0,9387.0
550,560,29.0,25.0,26.9,35.6,25.3,91.1,57.9,20.83,22.9,1005.7,71.1,2.7,89.9,3.0,2.0,1.0,12083.0
551,561,31.5,26.0,28.4,38.3,24.3,78.9,0.8,4.17,23.3,1005.0,53.7,3.6,288.0,10.0,2.0,1.0,7465.0
552,562,32.4,26.6,28.6,39.2,24.3,78.2,0.0,0.0,22.5,1007.0,44.7,3.8,247.7,9.0,1.0,1.0,6274.0
553,563,32.0,26.3,28.9,39.6,25.0,80.1,0.0,0.0,19.0,1008.8,33.2,3.6,264.4,9.0,1.0,1.0,7421.0
554,564,31.0,27.2,29.0,39.1,25.3,81.0,2.4,8.33,24.6,1007.9,53.6,3.4,163.1,7.0,2.0,1.0,13937.0
555,565,30.0,24.3,27.5,37.4,25.7,90.0,29.0,8.33,24.8,1007.1,68.0,2.8,117.6,4.0,2.0,1.0,6860.0
556,566,32.0,26.0,28.1,40.5,25.2,84.8,6.0,12.5,22.8,1008.5,64.0,3.3,120.4,5.0,2.0,1.0,13601.0
557,567,30.9,24.5,27.3,37.5,24.4,84.4,23.2,16.67,23.5,1011.7,60.8,3.1,233.2,8.0,2.0,1.0,8867.0
558,568,30.6,25.0,27.8,36.9,24.4,82.1,0.0,0.0,22.9,1011.1,56.0,3.7,266.2,9.0,1.0,2.0,7979.0
559,569,31.1,26.5,28.6,38.1,24.7,80.2,0.2,4.17,24.7,1011.7,46.0,4.1,219.8,7.0,2.0,1.0,4189.0
560,570,30.7,26.4,28.2,37.7,25.2,84.2,4.8,12.5,26.6,1011.3,52.4,3.8,246.1,8.0,2.0,1.0,12068.0
561,571,31.3,27.0,29.0,38.1,24.9,78.8,0.0,0.0,21.8,1011.4,46.5,4.3,277.9,9.0,1.0,1.0,11443.0
562,572,31.5,26.5,28.9,37.7,24.6,78.5,0.0,0.0,20.5,1012.1,38.4,3.8,282.4,9.0,1.0,1.0,4099.0
563,573,31.3,26.2,29.1,39.9,25.1,79.4,0.0,0.0,22.3,1011.0,35.5,3.6,250.0,8.0,1.0,1.0,13805.0
564,574,32.0,27.0,29.1,40.6,25.0,79.0,13.0,4.17,23.5,1010.8,44.4,3.0,128.3,5.0,2.0,1.0,13977.0
565,575,32.0,26.0,28.6,40.6,23.9,75.9,0.0,0.0,22.2,1009.8,40.1,3.2,136.5,5.0,1.0,1.0,14104.0
566,576,33.0,25.0,29.0,39.1,23.7,73.9,0.0,0.0,19.0,1009.9,30.6,3.2,132.6,5.0,1.0,1.0,12692.0
567,577,33.0,26.4,30.0,42.1,25.1,75.3,0.0,0.0,23.3,1010.7,37.3,2.7,192.8,7.0,1.0,1.0,9105.0
568,578,33.3,25.0,29.9,42.5,25.1,75.9,3.0,4.17,20.7,1009.8,41.3,2.8,236.7,9.0,2.0,1.0,5963.0
569,579,32.5,25.5,28.3,39.6,23.6,76.4,0.4,4.17,21.1,1009.6,59.1,3.2,176.9,6.0,2.0,1.0,8224.0
570,580,33.7,25.4,29.1,40.2,24.2,75.4,0.0,0.0,16.6,1009.5,48.3,3.1,134.5,5.0,1.0,1.0,14036.0
571,581,33.0,24.9,29.4,38.0,23.3,70.6,8.0,4.17,18.4,1009.4,38.4,3.4,162.6,6.0,2.0,1.0,7000.0
572,582,34.0,26.0,29.2,41.2,24.0,74.5,0.4,4.17,21.1,1010.0,38.8,2.9,174.6,7.0,2.0,1.0,13983.0
573,583,35.0,25.5,29.9,40.8,23.5,69.5,0.0,0.0,18.4,1010.8,30.5,3.0,123.7,4.0,1.0,1.0,7658.0
574,584,35.3,27.3,31.2,42.0,24.0,66.9,0.0,0.0,20.1,1010.8,32.2,2.9,221.9,8.0,1.0,1.0,7802.0
575,585,36.0,26.7,31.7,39.4,20.3,52.1,0.0,0.0,21.7,1010.4,15.6,3.2,237.1,8.0,0.0,1.0,12049.0
576,586,35.3,27.0,31.3,39.5,19.6,50.8,0.0,0.0,20.5,1010.2,20.8,3.2,231.0,8.0,1.0,1.0,10632.0
577,587,35.0,26.7,31.0,39.3,20.9,55.7,0.0,0.0,19.5,1010.0,16.4,3.1,224.1,8.0,0.0,1.0,3864.0
578,588,31.0,26.2,28.6,35.7,22.1,68.2,1.0,4.17,13.4,1010.1,48.7,2.7,110.7,4.0,2.0,1.0,10997.0
579,589,27.3,24.8,26.1,30.3,23.4,84.9,10.0,12.5,17.1,1011.5,70.1,2.7,92.3,4.0,2.0,1.0,12436.0
580,590,27.4,24.6,25.7,30.7,23.0,85.4,8.6,12.5,19.4,1011.5,66.2,3.0,89.4,3.0,2.0,1.0,13817.0
581,591,32.0,24.6,27.9,36.8,23.3,77.0,6.4,8.33,21.1,1009.3,61.6,3.5,103.8,4.0,2.0,1.0,12706.0
582,592,31.0,24.9,27.5,37.3,24.1,82.5,10.0,12.5,15.3,1008.2,62.8,3.1,109.0,4.0,2.0,1.0,4778.0
583,593,29.0,24.8,26.6,33.0,24.2,86.7,3.2,8.33,16.6,1006.7,64.2,3.2,141.0,5.0,2.0,1.0,7328.0
584,594,31.0,25.4,27.6,36.5,24.2,82.7,3.0,8.33,13.5,1005.7,63.0,2.9,101.2,4.0,2.0,1.0,12912.0
585,595,30.0,24.9,27.6,34.4,23.0,76.7,3.2,8.33,25.9,1004.2,64.9,3.3,122.2,5.0,2.0,1.0,6280.0
586,596,29.8,25.6,27.8,33.6,22.8,74.9,1.0,4.17,24.1,1006.1,64.0,3.1,135.2,6.0,2.0,1.0,11389.0
587,597,32.3,24.4,28.5,35.9,23.3,75.0,0.0,0.0,17.1,1008.9,50.4,3.1,252.5,9.0,1.0,1.0,6729.0
588,598,32.7,26.4,29.3,36.3,22.6,68.5,0.0,0.0,16.6,1010.4,50.5,3.1,242.7,8.0,1.0,1.0,10541.0
589,599,33.0,26.3,29.8,40.5,23.9,71.1,0.0,0.0,19.0,1010.8,30.5,3.1,195.3,8.0,1.0,1.0,6396.0
590,600,35.1,26.8,30.6,42.9,23.3,65.9,0.0,0.0,14.7,1009.7,32.7,3.3,187.6,7.0,1.0,1.0,10883.0
591,601,34.0,26.3,30.2,38.1,21.5,60.4,0.0,0.0,17.8,1008.7,46.5,3.9,136.2,5.0,1.0,1.0,7311.0
