,temp,dew,humidity,precip,precipprob,precipcover,windspeed,winddir,sealevelpressure,cloudcover,visibility,solarradiation,solarenergy,uvindex,conditions,stations,cases,labels,lab
0,28.71,22.971,73.508,2.922,44.658,4.361,15.678,175.595,1007.912,50.748,3.79,208.098,17.974,7.233,3,1,4925,normal,1
1,29.464,23.485,72.067,3.783,39.837,2.677,14.575,158.35,1003.533,48.314,2.885,222.926,19.246,7.504,2,1,5077,normal,1
2,29.527,22.58,69.424,3.066,33.333,2.338,14.978,202.621,1005.732,55.621,4.242,229.413,19.802,7.829,2,1,7579,normal,1
3,28.728,21.752,69.298,6.025,37.398,2.677,16.505,183.545,1003.359,50.208,2.991,225.422,19.48,7.593,1,0,13706,normal,2
4,26.775,24.215,86.652,23.337,96.748,15.617,19.546,224.03,1009.996,45.542,3.887,176.598,15.262,6.187,1,4,82,normal,1
6,28.497,24.824,81.698,6.349,46.341,3.896,15.234,147.413,1003.52,57.928,3.264,196.9,17.007,6.789,1,0,6772,normal,1
7,29.848,24.559,74.82,8.96,54.472,4.811,25.482,210.037,1008.212,56.071,6.056,169.028,14.573,5.967,1,2,10342,normal,2
8,28.788,21.493,67.515,4.518,61.789,25.678,12.895,149.187,1003.942,29.598,2.595,238.502,20.601,7.732,2,1,12542,normal,2
9,26.314,24.066,88.39,11.598,91.87,17.312,10.093,169.942,1010.143,78.598,3.723,208.989,18.048,7.382,2,1,150,normal,1
10,26.346,21.489,76.772,10.726,73.984,9.147,12.716,197.079,1003.106,46.302,2.072,225.867,19.51,7.488,3,0,4563,normal,1
11,28.33,24.941,82.698,25.567,79.675,9.993,24.592,222.154,1006.248,59.326,2.926,189.61,16.368,6.545,2,1,11011,normal,2
12,28.271,25.083,84.259,8.117,50.407,3.829,14.633,150.184,1004.303,59.226,3.07,202.922,17.537,6.902,1,1,14092,normal,2
17,32.1,22.4,58.7,0.7,100.0,4.17,14.4,197.4,997.1,39.5,2.0,298.2,25.9,9.0,4,0,8850,normal,1
18,30.7,23.1,67.8,48.1,100.0,8.33,10.8,230.8,997.1,41.0,2.0,271.3,23.4,8.0,4,0,7538,normal,1
19,31.5,22.4,61.8,0.6,100.0,4.17,14.0,229.2,994.2,36.8,2.3,290.4,25.1,9.0,4,0,4004,normal,1
20,30.4,23.0,68.0,16.0,100.0,4.17,15.1,189.4,993.7,51.3,2.0,236.2,20.3,9.0,4,0,3001,normal,1
22,30.7,23.6,69.6,18.0,100.0,12.5,16.2,205.6,994.6,41.9,2.1,274.3,23.8,8.0,4,0,637,normal,1
23,29.0,24.3,77.1,35.0,100.0,16.67,20.5,228.8,994.8,48.4,1.7,228.5,19.8,6.0,4,0,5197,normal,1
24,29.8,23.3,70.9,13.3,100.0,8.33,20.2,275.6,993.5,34.5,2.0,250.3,21.7,8.0,4,0,6523,normal,1
25,29.9,23.0,69.1,39.0,100.0,4.17,18.4,283.8,994.0,33.6,2.3,268.7,23.4,8.0,4,0,1418,normal,1
26,29.8,22.9,69.1,5.0,100.0,4.17,23.8,284.0,996.6,36.5,1.9,255.2,22.1,8.0,4,0,3904,normal,1
27,29.4,22.6,69.9,8.0,100.0,12.5,26.3,294.6,997.3,35.4,1.6,248.8,21.6,7.0,4,0,8670,normal,1
28,27.4,22.7,77.3,22.0,100.0,12.5,23.0,293.1,996.6,34.8,1.9,251.7,22.0,8.0,4,0,8558,normal,1
29,27.5,23.0,77.7,0.8,100.0,4.17,15.1,298.5,995.4,37.4,1.9,268.9,23.3,8.0,4,0,3338,normal,1
30,26.5,22.8,81.8,20.2,100.0,16.67,9.7,140.1,1000.0,54.0,1.6,223.7,19.2,7.0,4,0,7352,normal,1
31,26.9,22.6,79.3,7.0,100.0,4.17,9.7,269.2,1000.2,42.1,1.5,300.1,26.1,9.0,4,0,3958,normal,1
32,27.7,23.2,78.0,0.0,0.0,0.0,9.7,193.3,999.5,33.9,2.0,297.8,25.7,9.0,1,0,1010,normal,1
33,28.5,23.3,75.2,0.4,100.0,16.67,13.3,152.4,1000.1,30.3,2.8,282.3,24.6,9.0,4,0,6456,normal,1
34,29.3,23.4,72.3,1.0,100.0,4.17,11.2,176.6,1001.2,27.2,2.5,288.7,24.9,9.0,4,0,3823,normal,1
35,28.7,23.6,75.4,6.0,100.0,8.33,12.6,200.6,1001.1,23.1,2.4,268.4,23.2,8.0,4,0,7175,normal,1
36,29.8,23.9,72.3,0.1,100.0,4.17,14.8,263.8,999.3,24.2,2.3,285.7,24.7,9.0,4,0,3519,normal,1
37,30.5,24.3,70.8,2.0,100.0,4.17,19.4,271.7,997.4,28.2,1.9,302.3,26.2,9.0,4,0,5162,normal,1
38,27.2,24.3,85.1,16.0,100.0,12.5,16.9,222.9,998.3,86.7,2.0,207.0,17.8,6.0,4,0,6633,normal,1
39,26.6,24.0,85.9,32.0,100.0,12.5,17.6,156.1,997.1,88.2,1.9,136.0,11.7,5.0,4,0,3473,normal,1
40,26.3,24.3,89.2,30.0,100.0,8.33,20.2,139.3,997.8,82.9,2.6,166.6,14.2,5.0,4,0,9630,normal,1
41,28.2,24.1,79.8,1.3,100.0,25.0,19.4,137.9,999.5,64.5,2.5,252.3,21.9,8.0,4,0,1738,normal,1
42,28.8,24.6,78.7,6.0,100.0,8.33,17.6,157.3,1000.2,85.2,2.1,260.1,22.4,8.0,4,0,2339,normal,1
43,27.8,23.9,80.4,0.3,100.0,4.17,11.9,207.0,1000.4,90.3,1.9,208.5,18.2,7.0,3,0,2966,normal,1
44,27.6,23.8,81.0,2.3,100.0,29.17,18.4,181.5,999.1,81.8,2.3,237.0,20.4,7.0,4,0,2746,normal,1
45,27.7,24.0,80.9,0.6,100.0,25.0,20.5,161.6,998.3,82.4,2.5,209.1,18.0,8.0,4,0,8475,normal,1
46,27.2,24.2,84.4,5.4,100.0,8.33,15.5,160.0,998.0,80.4,2.0,224.7,19.3,8.0,4,0,4300,normal,1
47,26.9,23.8,83.9,6.6,100.0,8.33,7.9,124.0,997.7,78.2,1.9,160.3,13.9,5.0,4,0,8955,normal,1
49,28.4,24.4,80.3,11.3,100.0,8.33,12.6,240.1,994.5,44.7,2.3,299.9,25.9,9.0,4,0,8809,normal,1
50,27.7,24.7,84.2,8.4,100.0,12.5,9.0,215.0,995.7,46.1,2.0,241.0,20.8,8.0,4,0,577,normal,1
51,28.7,23.6,76.2,0.4,100.0,4.17,11.5,152.4,994.7,71.0,2.0,208.5,17.9,7.0,4,0,6336,normal,1
52,29.1,23.9,74.9,21.0,100.0,8.33,14.8,281.2,994.7,62.6,2.0,275.8,23.7,9.0,4,0,2001,normal,1
53,28.3,24.1,79.5,0.5,100.0,4.17,12.2,167.7,998.0,78.3,2.3,224.9,19.4,8.0,4,0,9094,normal,1
54,27.9,24.8,84.4,11.0,100.0,4.17,22.7,157.7,998.4,63.7,2.0,273.2,23.4,9.0,4,0,7741,normal,1
55,27.4,24.8,86.7,71.0,100.0,8.33,10.1,181.1,999.1,78.4,1.8,292.3,25.2,9.0,4,0,10235,normal,2
56,27.6,25.1,86.9,57.0,100.0,12.5,14.4,264.9,998.7,69.4,1.1,286.1,24.6,9.0,4,0,3718,normal,1
57,28.1,25.1,84.7,56.0,100.0,8.33,10.1,254.5,999.1,84.6,1.3,167.3,14.4,5.0,4,0,777,normal,1
58,27.8,24.4,82.6,7.8,100.0,41.67,19.4,128.1,1000.3,80.2,2.0,136.8,11.9,4.0,4,0,994,normal,1
59,26.8,24.6,87.7,14.0,100.0,8.33,13.7,213.8,1001.3,81.3,1.4,133.4,11.4,5.0,4,0,1940,normal,1
60,26.2,24.1,88.9,16.0,100.0,16.67,15.1,140.1,999.8,78.4,1.8,168.7,14.6,6.0,4,0,9672,normal,1
61,26.1,24.3,89.8,5.0,100.0,8.33,18.7,124.9,999.6,77.6,1.9,126.9,11.0,4.0,4,0,1558,normal,1
62,25.0,23.8,92.9,37.0,100.0,16.67,18.0,128.2,1002.4,85.4,1.4,98.0,8.5,3.0,4,0,4463,normal,1
63,26.8,23.9,84.6,0.9,100.0,4.17,12.6,156.9,1003.5,42.5,2.0,271.1,23.3,8.0,4,0,1318,normal,1
64,27.1,23.8,82.9,0.0,0.0,0.0,15.1,285.2,1001.9,26.7,2.3,289.1,25.0,9.0,1,0,9670,normal,1
65,27.1,23.4,81.9,27.0,100.0,8.33,14.4,273.9,1000.7,31.7,2.0,304.8,26.5,9.0,4,0,1135,normal,1
66,27.8,23.8,79.8,5.8,100.0,29.17,10.8,282.3,1001.1,43.2,2.0,248.2,21.4,8.0,4,0,3715,normal,1
67,25.8,23.8,89.4,0.6,100.0,4.17,13.3,175.8,1002.7,76.2,1.8,135.4,11.7,5.0,4,0,5936,normal,1
68,27.9,22.9,75.8,0.5,100.0,20.83,10.4,329.7,1002.0,71.7,2.0,202.0,17.4,8.0,4,0,1290,normal,1
69,28.4,23.8,77.4,3.0,100.0,4.17,7.2,259.9,1001.1,56.5,2.0,251.3,21.8,9.0,4,0,3068,normal,1
70,28.9,24.9,79.6,0.0,0.0,0.0,8.6,277.0,1001.7,65.1,3.3,158.5,13.7,5.0,1,0,8883,normal,1
71,27.8,24.9,84.7,12.6,100.0,12.5,37.0,202.6,1003.7,81.0,1.8,164.6,14.2,6.0,4,0,7399,normal,1
72,27.6,24.8,85.6,23.0,100.0,8.33,13.0,223.6,1000.3,70.7,1.8,199.2,17.0,7.0,4,0,6943,normal,1
73,28.1,25.1,84.3,28.0,100.0,8.33,11.9,254.8,998.4,76.7,1.1,223.6,19.3,8.0,4,0,4148,normal,1
74,27.2,24.6,86.6,33.0,100.0,8.33,13.7,184.0,1001.5,73.2,1.5,194.1,17.0,7.0,4,0,2868,normal,1
75,27.7,24.2,82.5,2.9,100.0,25.0,7.9,258.9,1000.5,75.1,3.0,148.8,12.9,5.0,4,0,7436,normal,1
76,28.1,24.6,82.1,1.2,100.0,29.17,8.3,240.8,999.5,35.3,2.0,271.9,23.4,9.0,4,0,7396,normal,1
77,27.3,24.7,86.3,4.1,100.0,12.5,10.8,182.9,999.8,72.5,1.4,245.8,21.3,8.0,4,0,7204,normal,1
78,27.3,24.6,85.7,17.0,100.0,4.17,10.4,222.2,999.9,78.6,1.9,231.4,19.9,8.0,4,0,7621,normal,1
79,27.1,24.9,88.2,3.0,100.0,8.33,11.5,210.7,999.8,77.8,2.6,193.8,16.7,7.0,4,0,3301,normal,1
80,28.1,24.1,80.2,0.5,100.0,8.33,8.3,245.1,1001.5,49.1,2.1,254.5,21.8,8.0,4,0,5066,normal,1
81,27.8,24.1,81.1,0.0,0.0,0.0,10.4,278.7,999.1,43.7,2.0,266.8,23.1,9.0,1,0,9037,normal,1
82,27.6,24.0,81.4,6.0,100.0,8.33,10.8,262.8,998.9,51.8,1.5,268.5,23.2,9.0,4,0,7917,normal,1
83,28.0,24.3,80.9,14.0,100.0,12.5,9.0,258.4,1000.4,34.0,1.6,256.5,22.2,8.0,4,0,5057,normal,1
84,27.8,24.2,81.7,25.0,100.0,8.33,12.9,162.0,1003.0,76.6,1.9,217.1,18.6,7.0,4,0,10209,normal,2
85,26.4,24.0,87.1,18.7,100.0,8.33,16.6,171.7,1004.0,79.0,1.9,130.0,11.3,4.0,4,0,10019,normal,2
86,26.8,23.9,84.9,7.3,100.0,8.33,12.2,227.4,1003.8,49.9,2.0,246.4,21.2,8.0,4,0,4938,normal,1
87,26.6,23.4,83.4,0.7,100.0,4.17,12.2,292.4,1002.2,27.4,2.0,244.1,21.2,8.0,4,0,7748,normal,1
88,26.8,21.7,74.9,0.9,100.0,12.5,7.6,80.5,1003.3,17.4,2.5,259.2,22.4,8.0,2,0,4884,normal,1
89,25.8,20.9,75.3,3.0,100.0,4.17,9.7,117.6,1007.6,20.7,2.5,242.7,21.0,8.0,4,0,10182,normal,2
90,25.3,21.5,80.8,2.0,100.0,4.17,10.4,148.0,1009.6,31.2,2.0,252.3,21.8,9.0,4,0,9240,normal,1
91,26.2,21.5,76.4,0.0,0.0,0.0,8.3,142.9,1007.9,17.1,3.0,258.0,22.3,8.0,0,0,9961,normal,1
92,26.4,22.0,77.9,4.0,100.0,8.33,6.1,264.2,1006.3,29.4,2.0,213.5,18.3,7.0,4,0,7896,normal,1
93,25.2,21.9,83.0,43.8,100.0,8.33,8.3,142.7,1008.6,34.9,2.6,187.7,16.2,6.0,4,0,9411,normal,1
94,25.2,21.9,83.0,0.5,100.0,16.67,10.4,207.6,1009.8,26.8,2.8,229.0,19.8,8.0,4,0,2033,normal,1
95,25.6,22.2,82.6,26.0,100.0,4.17,7.2,145.8,1008.6,32.5,1.9,222.3,19.2,8.0,4,0,6379,normal,1
96,25.7,22.6,83.7,15.0,100.0,8.33,11.9,180.1,1011.0,40.0,1.9,207.2,17.7,7.0,4,0,1911,normal,1
97,25.0,22.1,85.0,24.0,100.0,12.5,11.9,165.0,1011.0,78.2,1.9,199.8,17.2,7.0,4,0,8371,normal,1
98,24.9,21.8,84.2,34.6,100.0,12.5,12.2,136.9,1009.3,61.4,1.8,202.1,17.4,7.0,4,0,9111,normal,1
99,24.3,20.9,82.6,51.0,100.0,12.5,9.7,88.1,1009.7,52.0,2.0,176.7,15.2,7.0,4,0,2114,normal,1
100,23.2,20.5,85.3,27.1,100.0,16.67,10.8,105.6,1010.2,59.0,1.7,158.2,13.8,5.0,4,0,4361,normal,1
101,22.8,20.8,89.1,42.9,100.0,12.5,11.2,160.3,1009.0,53.2,1.6,199.2,17.3,7.0,4,0,1770,normal,1
102,23.5,20.8,85.5,0.2,100.0,4.17,10.1,159.5,1007.7,68.2,2.4,220.0,18.9,8.0,4,0,3464,normal,1
103,23.9,20.8,83.8,0.0,0.0,0.0,9.4,286.1,1008.5,52.7,2.5,225.9,19.5,8.0,1,0,5153,normal,1
104,23.6,20.2,82.6,2.4,100.0,29.17,7.9,322.4,1008.5,56.1,2.0,187.7,16.2,7.0,4,0,5978,normal,1
105,23.6,19.4,78.6,6.0,100.0,4.17,9.0,311.0,1008.9,51.9,2.0,197.9,17.2,7.0,4,0,8543,normal,1
106,23.2,17.3,71.3,0.0,0.0,0.0,10.1,299.1,1008.5,35.4,2.5,210.3,18.2,8.0,1,0,3216,normal,1
107,23.5,17.7,71.5,0.0,0.0,0.0,8.3,300.1,1009.1,63.3,2.5,191.2,16.4,7.0,1,0,3450,normal,1
108,23.1,18.2,75.3,0.0,0.0,0.0,13.0,303.6,1010.1,49.5,2.8,207.1,18.0,7.0,1,0,1309,normal,1
109,23.1,17.0,70.0,0.0,0.0,0.0,10.4,315.6,1009.6,7.1,3.1,242.7,21.0,8.0,0,0,953,normal,1
110,23.0,17.1,71.3,0.0,0.0,0.0,8.3,33.1,1010.5,8.6,2.6,238.3,20.7,8.0,0,0,2898,normal,1
111,22.2,16.1,70.5,0.0,0.0,0.0,11.5,343.9,1010.4,3.8,2.8,233.2,20.0,8.0,0,0,4403,normal,1
112,22.2,16.2,70.9,0.0,0.0,0.0,9.0,39.1,1009.6,6.3,2.5,229.9,19.9,8.0,0,0,2037,normal,1
113,22.7,17.0,72.6,0.0,0.0,0.0,11.9,341.8,1011.1,5.5,2.0,234.2,20.2,8.0,0,0,4507,normal,1
114,22.9,17.1,71.8,0.0,0.0,0.0,9.0,49.0,1011.7,32.5,2.0,199.3,17.1,8.0,1,0,2710,normal,1
115,23.2,16.8,69.5,0.0,0.0,0.0,9.7,46.5,1012.9,2.5,2.0,217.4,18.8,8.0,0,0,3669,normal,1
131,27.6,25.6,89.5,32.0,100.0,4.17,29.5,193.0,1002.8,89.5,4.3,217.6,19.0,9.0,3,1,336,normal,1
132,28.2,24.8,84.1,9.0,100.0,4.17,11.2,174.2,1006.0,68.5,4.6,317.8,27.4,10.0,3,1,97,normal,1
133,27.9,25.1,86.6,23.0,100.0,4.17,11.2,199.4,1006.8,75.8,4.6,287.2,24.9,9.0,3,1,378,normal,1
134,27.7,24.9,86.1,0.2,100.0,4.17,14.8,183.3,1004.7,85.5,4.5,232.9,20.0,9.0,3,1,103,normal,1
135,27.0,25.3,90.9,0.2,100.0,4.17,9.4,162.4,1002.6,88.6,3.6,242.1,20.9,8.0,3,1,220,normal,1
136,25.9,24.7,93.4,12.0,100.0,4.17,14.8,179.6,1000.6,92.6,3.5,227.0,19.6,9.0,2,1,252,normal,1
137,26.1,24.4,91.1,4.0,100.0,4.17,13.0,179.9,1001.6,92.1,3.5,171.5,14.7,6.0,2,1,371,normal,1
138,25.3,24.5,95.4,20.0,100.0,4.17,10.1,179.7,1001.2,92.8,2.4,187.8,16.5,6.0,2,1,130,normal,1
139,25.0,24.5,96.8,4.0,100.0,4.17,11.2,169.1,1007.3,94.8,2.3,208.9,17.9,7.0,2,1,221,normal,1
140,25.1,24.4,96.0,16.0,100.0,4.17,9.4,174.9,1000.3,94.6,2.4,245.4,21.2,9.0,2,1,191,normal,1
141,25.0,24.4,96.7,35.0,100.0,4.17,13.0,181.1,1007.9,95.8,2.5,169.4,14.5,6.0,2,1,335,normal,1
142,25.5,24.6,95.1,39.0,100.0,4.17,11.2,173.8,1008.7,93.9,2.7,195.6,16.9,6.0,2,1,187,normal,1
143,25.6,24.8,95.3,51.0,100.0,4.17,14.8,193.7,1009.6,96.2,2.8,128.3,11.1,4.0,2,0,258,normal,1
144,24.6,24.1,97.3,11.0,100.0,4.17,7.6,178.0,1007.4,97.9,2.4,212.9,18.2,6.0,2,0,325,normal,1
145,25.9,24.7,93.2,22.0,100.0,4.17,7.6,177.1,1006.0,94.0,2.0,289.9,25.1,9.0,2,0,272,normal,1
146,27.6,24.5,85.1,28.0,100.0,4.17,7.6,192.5,1007.1,70.7,4.7,270.5,23.3,9.0,3,1,82,normal,1
148,27.9,26.1,90.4,0.5,100.0,4.17,11.2,251.4,1005.7,76.0,4.0,190.1,16.3,7.0,3,1,385,normal,1
149,26.9,25.2,91.1,16.0,100.0,4.17,7.6,246.7,1008.3,85.2,3.5,231.8,20.0,9.0,3,1,313,normal,1
150,27.4,24.8,87.6,8.0,100.0,4.17,9.4,223.5,1009.1,77.7,4.0,243.0,21.0,8.0,3,1,399,normal,1
151,27.6,24.7,86.1,6.0,100.0,33.33,9.4,204.1,1009.1,66.7,4.0,233.2,20.0,7.0,3,1,88,normal,1
152,26.8,24.3,87.5,1.1,100.0,45.83,13.0,181.2,1008.4,93.1,3.8,160.7,13.9,5.0,2,1,312,normal,1
155,26.5,24.4,89.5,1.0,100.0,4.17,7.6,189.2,1007.1,93.1,4.0,255.4,21.9,9.0,2,0,222,normal,1
156,26.4,24.2,88.7,81.0,100.0,4.17,9.4,172.7,1006.1,90.3,3.8,146.5,12.8,4.0,2,1,82,normal,1
157,26.5,24.7,90.5,0.4,100.0,4.17,6.8,165.5,1006.4,76.3,3.5,233.6,20.0,7.0,3,1,215,normal,1
158,26.3,24.3,89.8,7.0,100.0,4.17,6.5,176.8,1007.8,60.1,3.0,266.3,23.0,9.0,3,1,230,normal,1
159,26.2,23.9,88.6,32.0,100.0,4.17,7.6,168.1,1009.3,86.0,3.7,268.2,23.1,9.0,3,1,361,normal,1
160,25.6,24.0,91.9,1.0,100.0,4.17,7.6,186.5,1009.4,91.5,2.9,155.0,13.4,7.0,2,1,198,normal,1
161,25.6,24.0,91.5,13.0,100.0,4.17,9.4,167.3,1008.2,91.3,3.0,231.0,20.1,7.0,2,1,429,normal,1
163,27.2,24.8,88.0,2.0,100.0,4.17,7.6,182.7,1004.0,88.8,5.5,251.9,21.7,9.0,3,1,197,normal,1
164,27.6,25.7,90.3,45.0,100.0,4.17,9.4,190.5,1002.7,91.4,4.7,252.3,21.8,9.0,2,1,324,normal,1
165,28.9,26.2,86.5,17.0,100.0,4.17,7.6,242.4,1001.1,88.3,6.8,225.4,19.4,8.0,3,1,311,normal,1
166,28.3,26.3,89.3,12.0,100.0,4.17,9.4,186.9,998.0,89.8,4.4,225.4,19.4,8.0,3,1,75,normal,1
168,25.2,24.0,93.3,54.0,100.0,4.17,11.2,147.1,1006.3,83.2,2.7,230.6,19.9,8.0,3,1,67,normal,1
169,26.7,24.3,87.9,0.4,100.0,4.17,11.2,180.2,1006.8,80.8,5.0,293.3,25.3,10.0,3,1,298,normal,1
172,27.6,25.5,89.4,0.1,100.0,4.17,6.1,209.7,1001.4,86.4,5.8,163.2,14.0,7.0,3,1,273,normal,1
173,24.9,23.9,94.2,22.0,100.0,4.17,9.4,154.7,1001.3,88.8,2.0,188.4,16.2,6.0,3,1,197,normal,1
174,25.8,24.6,93.3,7.0,100.0,4.17,7.6,179.7,1012.1,91.4,2.7,211.4,18.3,7.0,2,1,161,normal,1
175,26.0,24.6,92.4,3.0,100.0,4.17,13.0,213.6,1009.6,90.4,2.8,234.3,20.3,8.0,2,1,214,normal,1
176,26.2,24.2,89.7,0.4,100.0,4.17,7.6,178.8,1008.8,86.7,3.0,219.1,19.1,8.0,3,1,402,normal,1
177,26.0,23.6,87.7,3.0,100.0,4.17,9.4,178.6,1010.6,64.9,3.8,251.8,21.9,8.0,3,1,218,normal,1
180,27.7,25.3,88.2,0.8,100.0,4.17,5.0,246.9,1007.0,84.5,4.0,198.9,17.2,7.0,3,1,152,normal,1
182,26.9,24.5,87.5,9.0,100.0,4.17,4.7,206.8,1008.3,95.3,2.7,234.1,20.1,9.0,2,0,161,normal,1
183,27.0,24.9,89.2,12.0,100.0,4.17,7.6,291.5,1008.5,78.0,3.8,198.5,17.0,8.0,3,0,144,normal,1
184,27.5,25.2,87.9,6.0,100.0,4.17,7.6,232.5,1008.0,71.0,3.5,257.5,22.3,9.0,3,0,144,normal,1
185,27.6,25.2,87.8,5.0,100.0,4.17,7.6,229.0,1007.3,69.5,4.7,254.4,21.9,9.0,3,0,232,normal,1
186,26.7,25.1,91.9,23.0,100.0,4.17,4.7,230.4,1009.7,90.5,3.0,157.9,13.6,6.0,2,0,409,normal,1
187,27.9,25.4,87.3,0.0,0.0,0.0,5.4,269.4,1009.5,83.0,4.4,191.6,16.4,7.0,0,1,93,normal,1
188,27.5,25.4,89.0,6.0,100.0,4.17,9.4,286.5,1007.2,93.3,3.3,173.5,15.1,7.0,2,0,296,normal,1
189,27.7,25.7,89.9,11.0,100.0,4.17,13.0,325.4,1005.7,89.6,4.2,147.8,12.7,6.0,3,1,135,normal,1
192,27.7,25.5,88.2,10.0,100.0,4.17,13.0,64.3,1006.1,90.4,4.3,197.9,17.1,8.0,2,1,435,normal,1
193,27.5,25.4,89.3,1.0,100.0,4.17,11.2,45.2,1006.9,91.5,4.6,255.8,22.1,9.0,2,1,230,normal,1
194,26.8,25.0,90.7,74.0,100.0,4.17,9.4,351.9,1007.4,86.7,3.6,226.7,19.7,9.0,3,1,204,normal,1
195,26.9,25.0,90.1,8.0,100.0,4.17,9.4,145.4,1006.9,84.2,5.4,245.5,21.1,9.0,3,1,177,normal,1
196,26.1,24.4,91.4,8.0,100.0,4.17,13.0,169.7,1008.9,92.1,4.9,270.2,23.4,9.0,2,1,77,normal,1
197,25.8,24.2,91.4,4.0,100.0,4.17,14.8,177.5,1008.4,83.6,3.0,195.7,16.9,7.0,3,1,421,normal,1
199,26.3,24.8,91.9,22.0,100.0,4.17,11.2,127.6,1008.7,90.9,4.6,121.6,10.8,4.0,2,1,192,normal,1
200,25.8,23.7,89.5,13.0,100.0,4.17,16.6,168.8,1011.9,93.9,3.8,251.7,21.8,9.0,2,1,177,normal,1
201,24.8,23.4,92.6,1.0,100.0,4.17,13.0,161.8,1013.8,94.0,3.0,144.6,12.4,5.0,2,1,74,normal,1
202,26.1,23.6,87.5,0.8,100.0,4.17,7.6,100.6,1013.1,84.9,5.2,229.4,19.7,9.0,3,1,96,normal,1
203,26.9,24.5,87.6,0.4,100.0,16.67,7.6,167.2,1011.1,92.0,4.3,246.2,21.4,9.0,2,1,108,normal,1
204,26.5,24.7,90.5,10.0,100.0,4.17,7.6,206.6,1010.4,90.6,3.3,177.1,15.4,6.0,2,1,197,normal,1
205,27.8,24.2,81.9,13.0,100.0,4.17,11.2,346.9,1012.0,81.0,4.8,238.9,20.6,8.0,3,1,124,normal,1
207,28.2,24.6,82.0,2.9,100.0,50.0,13.0,353.9,1014.5,47.0,6.1,252.4,21.9,9.0,3,1,286,normal,1
208,27.1,24.1,84.1,11.0,100.0,4.17,5.4,319.6,1013.6,76.1,4.3,139.0,11.9,5.0,3,1,156,normal,1
210,26.9,24.4,87.1,0.1,100.0,4.17,24.1,35.1,1014.0,81.9,3.9,230.6,19.8,8.0,3,0,153,normal,1
211,24.7,23.3,91.9,41.0,100.0,4.17,9.4,16.5,1018.6,91.7,2.8,175.5,15.3,6.0,2,1,264,normal,1
212,24.3,23.1,93.0,2.0,100.0,4.17,5.4,1.1,1020.0,90.1,1.8,98.3,8.7,3.0,2,1,252,normal,1
213,25.2,22.8,87.6,3.0,100.0,4.17,7.6,34.3,1019.7,82.7,3.8,156.3,13.6,6.0,3,1,388,normal,1
214,25.6,22.7,85.6,1.0,100.0,33.33,14.8,14.4,1018.3,60.5,4.3,188.7,16.3,7.0,3,1,53,normal,1
215,25.7,23.3,87.1,33.0,100.0,4.17,11.2,9.4,1017.0,77.1,4.7,205.7,17.9,8.0,3,1,218,normal,1
216,25.6,23.3,87.9,6.3,100.0,37.5,11.2,234.7,1018.1,77.7,3.4,183.5,16.0,7.0,3,0,59,normal,1
217,25.4,22.9,86.9,10.0,100.0,4.17,9.4,176.0,1015.6,86.1,3.1,176.3,15.3,7.0,3,0,92,normal,1
219,25.1,22.1,84.7,4.1,100.0,50.0,13.0,148.2,1014.6,82.2,3.6,230.4,19.9,8.0,3,1,228,normal,1
222,26.5,23.1,82.1,12.0,100.0,4.17,13.0,311.5,1013.9,77.6,3.5,202.7,17.5,8.0,3,1,225,normal,1
224,26.1,22.9,83.4,7.0,100.0,4.17,7.6,352.3,1015.5,75.5,3.9,178.3,15.5,7.0,3,1,265,normal,1
225,24.7,22.7,89.0,1.0,100.0,4.17,7.6,1.3,1016.7,86.2,2.7,71.0,6.0,3.0,3,1,399,normal,1
226,25.6,22.2,82.3,7.1,100.0,33.33,11.2,14.7,1016.0,77.7,3.8,192.0,16.5,8.0,3,1,252,normal,1
227,23.4,22.4,94.5,56.0,100.0,4.17,11.2,96.7,1015.2,88.4,2.3,87.0,7.4,3.0,3,1,126,normal,1
228,24.3,22.5,90.3,23.0,100.0,4.17,9.4,111.8,1014.7,65.3,2.6,203.9,17.5,7.0,3,1,289,normal,1
229,25.1,22.4,86.2,0.0,0.0,0.0,11.2,8.6,1015.7,33.0,4.3,254.8,21.9,9.0,0,1,113,normal,1
230,26.0,23.1,85.5,0.0,0.0,0.0,9.4,359.2,1016.3,45.1,4.3,250.9,21.6,9.0,0,0,332,normal,1
231,25.0,23.1,89.7,25.0,100.0,4.17,14.8,71.5,1017.0,83.6,3.5,117.7,10.4,4.0,3,1,181,normal,1
232,25.5,22.8,86.0,4.0,100.0,4.17,7.6,49.8,1018.2,53.2,3.0,206.8,17.9,7.0,3,1,227,normal,1
233,26.0,22.7,82.8,0.2,100.0,4.17,9.4,26.0,1017.8,52.5,4.1,246.4,21.3,8.0,3,1,129,normal,1
234,26.7,23.4,83.2,0.0,0.0,0.0,9.4,21.1,1018.0,34.7,3.9,234.9,20.3,8.0,0,0,263,normal,1
235,26.8,23.4,82.4,0.0,0.0,0.0,9.4,26.7,1018.4,40.3,3.9,195.8,16.9,7.0,0,1,343,normal,1
236,26.5,22.9,81.4,0.0,0.0,0.0,9.4,23.7,1017.7,41.4,4.6,247.9,21.5,9.0,0,0,98,normal,1
237,25.5,22.5,84.6,1.9,100.0,29.17,13.0,70.1,1015.7,26.3,3.6,237.6,20.6,8.0,3,1,60,normal,1
238,24.6,22.4,88.0,0.2,100.0,8.33,13.0,137.9,1014.0,49.4,1.8,216.3,18.8,8.0,3,0,262,normal,1
239,25.6,22.9,85.3,0.0,0.0,0.0,9.4,358.4,1013.8,54.8,2.6,213.1,18.3,8.0,0,1,52,normal,1
240,24.5,22.8,90.7,0.1,100.0,4.17,14.8,14.4,1015.3,72.9,1.8,181.2,15.5,7.0,3,0,286,normal,1
241,24.9,22.6,88.0,4.6,100.0,41.67,9.4,95.7,1014.6,74.9,2.6,223.9,19.2,8.0,3,0,425,normal,1
242,24.8,22.8,88.4,1.0,100.0,4.17,14.8,166.1,1016.1,69.1,2.6,135.1,11.7,5.0,3,0,261,normal,1
243,24.9,22.3,85.9,15.0,100.0,4.17,13.0,179.2,1015.8,83.1,2.9,136.6,11.9,5.0,3,0,56,normal,1
244,24.9,22.5,87.2,0.7,100.0,4.17,11.2,10.5,1016.2,85.0,3.0,214.7,18.5,7.0,3,0,281,normal,1
245,25.3,21.8,82.6,0.0,0.0,0.0,11.2,277.1,1015.1,56.4,4.2,232.7,20.0,8.0,0,1,133,normal,1
246,25.0,20.3,76.3,0.0,0.0,0.0,7.6,74.2,1014.5,42.4,4.5,234.2,20.2,8.0,0,0,242,normal,1
247,33.3,23.9,59.7,0.9,100.0,8.33,14.8,88.0,997.2,42.9,3.5,192.2,16.7,7.0,2,1,23559,normal,3
248,31.3,25.6,73.6,22.0,100.0,12.5,25.9,81.3,998.2,64.1,2.8,200.1,17.4,7.0,2,1,4624,normal,1
249,31.9,24.8,67.2,0.2,100.0,8.33,27.7,74.0,998.2,61.3,3.7,240.2,20.9,7.0,2,1,15153,normal,2
250,33.1,24.7,62.5,0.0,0.0,0.0,16.9,85.1,996.9,45.3,3.7,308.4,26.7,10.0,1,1,7422,normal,1
251,32.6,25.3,67.0,40.0,100.0,4.17,20.5,91.2,994.5,65.6,3.2,261.1,22.5,8.0,2,1,15517,normal,2
252,27.2,26.6,96.2,41.0,100.0,12.5,14.8,31.5,994.9,75.8,3.1,141.4,12.2,5.0,2,0,4273,normal,1
253,27.8,26.1,91.3,49.0,100.0,4.17,14.8,248.4,995.9,75.2,3.0,238.4,20.5,8.0,2,0,23724,normal,3
254,28.9,26.7,89.5,25.0,100.0,8.33,11.2,214.6,997.0,73.2,3.2,217.1,18.9,6.0,2,1,5121,normal,1
255,27.3,26.6,96.0,8.0,100.0,4.17,13.0,32.3,997.0,75.2,2.6,101.8,8.9,3.0,2,0,4298,normal,1
256,27.1,26.5,97.0,12.0,100.0,12.5,19.8,273.5,996.3,77.6,2.8,101.6,9.0,4.0,2,1,8539,normal,1
258,29.4,26.9,87.1,6.0,100.0,4.17,14.8,256.0,999.3,74.0,3.0,229.8,19.9,7.0,2,0,14342,normal,2
259,31.6,26.2,73.8,0.0,0.0,0.0,20.5,244.0,999.2,71.2,3.4,256.9,22.2,8.0,1,0,11928,normal,2
260,31.7,25.0,68.6,0.0,0.0,0.0,22.3,255.5,997.9,59.6,3.3,289.0,24.9,9.0,1,0,13853,normal,2
261,30.0,24.9,75.6,23.0,100.0,4.17,16.6,260.2,997.9,60.1,3.5,258.9,22.4,9.0,2,1,10569,normal,2
262,28.6,25.1,82.6,4.0,100.0,4.17,9.4,209.9,1001.6,76.3,3.6,269.4,23.4,9.0,2,0,7040,normal,1
263,30.8,25.7,75.4,0.1,100.0,4.17,13.0,305.0,1001.5,43.4,3.7,279.9,24.2,9.0,2,1,10280,normal,2
264,31.8,26.0,72.8,0.0,0.0,0.0,13.0,276.2,1001.1,45.0,3.3,152.4,13.2,5.0,1,1,19058,normal,2
265,31.9,26.9,76.5,14.0,100.0,4.17,9.4,115.9,1001.4,51.9,3.3,287.6,24.7,9.0,2,0,5664,normal,1
266,32.1,27.0,76.1,0.0,0.0,0.0,9.4,101.3,1002.0,39.9,3.5,287.9,24.8,9.0,1,1,13446,normal,2
267,30.6,26.9,81.6,0.0,0.0,0.0,15.1,104.4,1001.7,52.9,2.9,230.6,19.8,8.0,1,0,19382,normal,2
268,31.5,26.7,77.2,0.0,0.0,0.0,9.4,177.9,1000.9,62.1,3.2,227.7,19.6,7.0,1,1,21072,normal,3
269,31.9,27.3,77.8,0.0,0.0,0.0,16.6,243.4,999.5,61.5,3.1,182.2,15.6,6.0,1,1,5742,normal,1
270,26.9,25.7,93.3,72.0,100.0,20.83,15.5,178.3,999.6,75.8,2.5,99.8,8.7,3.0,2,1,7413,normal,1
271,27.0,25.8,93.2,13.8,100.0,12.5,11.2,176.0,1000.7,77.0,2.7,143.1,12.4,4.0,2,1,19466,normal,2
272,27.4,26.5,94.7,50.2,100.0,12.5,14.8,121.1,998.1,76.6,2.6,166.3,14.3,5.0,2,1,6868,normal,1
273,28.4,26.7,91.2,6.0,100.0,4.17,19.4,111.6,998.7,70.3,2.8,266.8,23.1,9.0,2,1,4747,normal,1
274,28.6,26.8,90.4,10.2,100.0,8.33,18.4,92.0,999.8,67.5,3.3,233.8,20.2,9.0,2,0,22790,normal,3
275,30.1,26.0,79.7,0.5,100.0,4.17,32.0,90.4,1000.5,56.0,3.8,318.5,27.7,10.0,2,1,5326,normal,1
276,29.8,26.3,82.4,0.0,0.0,0.0,27.4,87.3,999.8,60.9,3.3,201.4,17.5,9.0,1,1,8482,normal,1
277,30.0,26.2,80.6,0.0,0.0,0.0,18.4,93.9,999.3,71.1,3.5,267.5,23.1,9.0,1,0,3909,normal,1
278,30.5,27.3,83.5,0.0,0.0,0.0,18.4,92.0,999.2,65.1,3.3,271.7,23.4,9.0,1,1,9895,normal,1
279,30.9,27.5,82.8,2.0,100.0,4.17,14.8,100.5,997.8,63.1,3.1,253.5,21.9,8.0,2,1,13326,normal,2
280,31.2,28.1,84.2,0.0,0.0,0.0,13.0,106.3,996.9,62.1,3.3,263.4,22.9,8.0,1,0,17240,normal,2
281,29.2,27.9,92.7,24.0,100.0,4.17,13.0,124.2,996.2,72.2,2.7,226.9,19.7,8.0,2,0,4298,normal,1
282,29.6,27.3,88.0,0.0,0.0,0.0,11.2,166.6,996.1,70.2,3.4,179.0,15.6,6.0,1,0,7637,normal,1
283,27.5,26.1,92.0,44.0,100.0,8.33,16.7,73.9,995.4,69.4,2.7,145.3,12.7,4.0,2,0,22063,normal,3
284,30.0,25.8,78.9,0.0,0.0,0.0,28.4,78.4,994.6,69.8,3.6,265.1,23.0,9.0,1,1,8324,normal,1
285,29.0,26.6,87.0,0.0,0.0,0.0,35.3,91.9,997.7,75.0,2.8,295.2,25.7,9.0,1,1,6882,normal,1
286,30.5,26.9,82.1,0.0,0.0,0.0,13.0,138.1,999.6,64.7,3.7,302.6,26.1,10.0,1,0,17717,normal,2
287,29.6,27.9,90.9,20.0,100.0,4.17,11.2,276.8,1000.7,59.8,3.0,258.1,22.3,8.0,2,0,17200,normal,2
288,30.9,27.6,83.4,0.0,0.0,0.0,16.6,292.7,999.0,63.1,3.6,265.1,22.9,9.0,1,0,13786,normal,2
289,30.0,27.0,84.5,0.4,100.0,4.17,22.3,81.5,1000.6,66.5,3.4,177.4,15.4,6.0,2,1,15944,normal,2
290,28.9,26.7,87.9,2.6,100.0,4.17,21.6,110.5,1001.2,73.7,3.3,262.2,22.7,9.0,2,1,18062,normal,2
291,28.6,25.8,85.4,4.0,100.0,4.17,22.7,149.5,1001.7,73.9,3.4,219.9,18.9,9.0,2,1,19710,normal,2
292,29.0,26.1,85.1,11.0,100.0,4.17,11.2,175.9,1002.7,68.0,3.4,125.2,10.8,4.0,2,0,11652,normal,2
293,30.2,26.2,80.0,0.1,100.0,4.17,11.1,226.7,1003.9,53.4,3.4,261.0,22.4,8.0,2,1,7677,normal,1
294,29.0,27.0,89.5,0.8,100.0,4.17,11.2,321.7,1004.4,69.9,2.9,252.1,21.8,8.0,2,1,3912,normal,1
295,28.3,26.6,90.9,7.6,100.0,8.33,20.5,304.6,1003.5,72.9,3.2,183.8,15.9,7.0,2,0,13491,normal,2
296,26.5,26.0,97.3,60.0,100.0,16.67,14.8,40.8,1002.8,78.4,2.6,179.1,15.6,6.0,2,0,21661,normal,3
297,27.8,26.3,91.7,10.0,100.0,4.17,15.1,10.0,1002.7,78.5,2.6,136.4,11.9,6.0,2,1,6939,normal,1
298,29.5,26.7,85.5,0.0,0.0,0.0,11.2,321.6,1002.7,66.2,3.3,178.8,15.4,5.0,1,0,13024,normal,2
299,28.9,26.6,87.8,9.0,100.0,4.17,18.4,85.7,1002.8,72.3,2.9,136.2,11.9,4.0,2,0,7392,normal,1
300,29.4,26.7,86.2,0.1,100.0,4.17,19.1,93.1,1002.6,59.1,3.5,264.1,22.9,8.0,2,1,17638,normal,2
301,31.1,27.4,81.3,0.0,0.0,0.0,14.8,83.1,1001.7,45.9,3.1,281.3,24.1,9.0,1,0,16251,normal,2
302,31.1,27.4,81.6,0.1,100.0,4.17,15.7,96.5,1003.1,42.6,3.8,286.9,24.7,9.0,2,1,16321,normal,2
303,31.1,28.0,84.2,0.0,0.0,0.0,18.4,96.2,1004.2,61.6,3.4,175.9,15.0,6.0,1,0,4095,normal,1
304,31.3,27.3,80.8,0.0,0.0,0.0,11.2,109.1,1001.5,52.1,3.5,254.0,21.8,8.0,1,0,14725,normal,2
305,31.4,28.1,83.8,0.2,100.0,4.17,14.8,97.1,1000.2,53.4,3.3,252.0,21.8,9.0,2,1,8707,normal,1
306,29.9,27.8,89.1,0.2,100.0,4.17,20.5,90.3,1001.9,70.4,3.2,137.3,12.0,4.0,2,1,16634,normal,2
307,30.9,27.0,80.7,0.0,0.0,0.0,9.4,73.9,1001.7,52.4,3.4,265.0,22.9,9.0,1,0,5569,normal,1
308,31.3,27.6,82.0,0.0,0.0,0.0,8.5,89.4,1001.4,62.3,3.4,257.5,22.3,9.0,1,1,19005,normal,2
309,30.8,27.2,82.2,0.0,0.0,0.0,16.6,96.4,1000.9,58.8,3.3,207.0,17.8,7.0,1,1,10818,normal,2
310,30.5,27.7,85.6,1.0,100.0,4.17,16.2,93.7,1000.4,69.9,3.4,268.0,23.2,9.0,2,1,9244,normal,1
311,29.8,27.1,86.4,10.0,100.0,4.17,16.6,97.3,1000.7,71.4,3.1,211.2,18.3,8.0,2,1,10639,normal,2
312,30.5,27.3,84.0,0.1,100.0,4.17,20.5,81.6,1001.0,66.4,3.4,186.0,16.2,7.0,2,2,22330,normal,3
313,30.2,27.4,85.2,0.0,0.0,0.0,14.8,78.0,1000.2,66.0,3.4,235.7,20.3,8.0,1,1,21312,normal,3
314,31.0,27.8,83.7,0.0,0.0,0.0,16.6,108.2,1000.2,50.4,3.4,211.2,18.3,8.0,1,2,6162,normal,1
315,31.1,28.1,84.7,0.0,0.0,0.0,13.0,74.6,1001.9,58.9,3.6,158.0,13.5,6.0,1,0,19173,normal,2
316,29.2,27.5,90.9,34.0,100.0,12.5,22.3,91.8,1003.2,77.1,2.6,153.8,13.2,6.0,2,0,20592,normal,3
317,26.9,26.2,96.1,2.0,100.0,4.17,16.4,81.1,1003.7,80.1,2.6,211.7,18.3,7.0,2,0,23048,normal,3
318,28.5,26.4,89.3,5.0,100.0,4.17,14.8,99.2,1004.7,79.9,3.3,163.1,14.0,6.0,2,0,5999,normal,1
319,29.3,26.9,87.5,0.0,0.0,0.0,11.9,130.5,1004.7,71.0,3.4,221.2,19.2,7.0,1,1,4282,normal,1
320,28.3,26.7,91.7,1.4,100.0,8.33,14.8,78.5,1003.6,71.2,2.7,166.7,14.2,6.0,2,1,13151,normal,2
321,28.1,26.3,90.3,0.8,100.0,16.67,11.2,105.2,1005.3,73.9,3.2,87.5,7.4,3.0,2,1,16202,normal,2
322,25.8,24.9,95.3,12.0,100.0,4.17,13.3,94.2,1009.3,70.7,2.9,57.9,5.0,2.0,2,1,19863,normal,2
323,24.1,23.5,96.5,12.0,100.0,12.5,17.6,76.4,1011.0,73.3,2.7,175.8,15.1,6.0,2,1,12043,normal,2
324,27.6,25.8,90.2,0.0,0.0,0.0,11.2,80.6,1008.9,68.9,3.2,111.8,9.8,4.0,1,0,15976,normal,2
325,27.0,25.5,91.7,25.0,100.0,8.33,11.2,77.2,1008.1,71.0,2.9,170.1,14.6,6.0,2,1,15206,normal,2
326,25.6,24.6,94.1,9.0,100.0,8.33,25.9,82.1,1010.3,77.8,3.0,79.2,6.7,3.0,2,1,21781,normal,3
327,25.8,24.7,94.3,33.2,100.0,12.5,18.4,93.5,1011.6,78.2,2.6,195.5,16.8,7.0,2,1,5156,normal,1
328,27.4,25.4,89.5,1.0,100.0,4.17,16.6,89.9,1012.0,71.9,2.9,119.7,10.3,4.0,2,1,5123,normal,1
329,24.6,24.3,98.2,73.0,100.0,29.17,20.5,96.5,1012.2,78.5,2.0,195.3,16.8,7.0,2,1,14398,normal,2
330,23.9,23.8,99.3,43.0,100.0,12.5,12.3,101.0,1011.1,81.7,2.0,138.7,11.9,5.0,2,0,18407,normal,2
331,24.2,23.6,96.1,4.1,100.0,8.33,25.9,95.9,1009.1,77.6,2.4,145.6,12.8,6.0,2,1,19709,normal,2
332,23.7,23.0,95.7,1.0,100.0,4.17,14.8,83.9,1010.3,76.3,3.0,182.6,15.7,6.0,2,0,12998,normal,2
333,23.9,23.0,94.7,0.0,0.0,0.0,11.2,69.8,1010.1,73.0,3.0,223.4,19.4,8.0,1,1,16305,normal,2
334,25.3,23.3,89.2,0.0,0.0,0.0,7.6,112.9,1009.4,65.7,3.2,173.5,14.9,6.0,1,0,17000,normal,2
335,25.4,24.5,94.7,3.1,100.0,12.5,9.4,83.1,1009.8,71.4,3.0,181.1,15.5,7.0,2,0,4880,normal,1
336,27.3,24.5,85.7,0.0,0.0,0.0,9.4,358.8,1009.9,67.8,3.5,163.2,14.0,6.0,1,0,9641,normal,1
337,28.0,24.1,80.6,0.0,0.0,0.0,11.2,281.1,1010.1,39.7,3.4,245.4,21.2,9.0,1,0,11113,normal,2
338,27.5,23.4,79.8,0.0,0.0,0.0,11.2,288.0,1010.0,24.2,3.1,236.1,20.4,8.0,1,1,14714,normal,2
339,27.2,22.7,78.3,0.0,0.0,0.0,9.4,280.9,1011.0,30.5,3.3,232.3,19.9,8.0,1,1,10181,normal,2
340,26.9,22.2,78.1,0.0,0.0,0.0,14.8,281.1,1011.9,17.8,3.4,230.2,19.9,8.0,0,0,7364,normal,1
341,26.9,22.2,77.5,0.0,0.0,0.0,11.2,271.9,1011.4,3.5,3.5,241.7,20.8,8.0,0,0,7679,normal,1
342,27.1,22.9,79.1,0.0,0.0,0.0,7.6,133.6,1011.4,21.9,3.6,234.6,20.2,8.0,1,1,10252,normal,2
343,27.4,22.6,77.5,0.0,0.0,0.0,11.2,281.6,1010.9,13.4,3.3,231.3,20.0,8.0,0,0,22879,normal,3
344,27.0,21.0,72.6,0.0,0.0,0.0,13.0,262.9,1011.0,17.6,3.2,235.2,20.2,8.0,0,0,16275,normal,2
345,26.5,20.5,73.2,0.0,0.0,0.0,7.6,249.0,1012.2,10.4,3.0,232.8,20.2,8.0,0,0,14884,normal,2
346,26.8,20.8,73.0,0.0,0.0,0.0,3.6,214.6,1013.0,7.5,3.1,207.1,18.0,7.0,0,1,4545,normal,1
347,27.0,22.2,77.0,0.0,0.0,0.0,6.6,127.3,1013.9,15.3,2.8,214.2,18.6,8.0,0,1,9511,normal,1
348,26.8,21.6,75.9,0.0,0.0,0.0,9.4,103.6,1014.2,11.4,3.4,209.3,18.2,8.0,0,0,21223,normal,3
349,26.6,21.3,75.4,0.0,0.0,0.0,9.4,138.3,1014.1,9.2,3.3,196.9,17.1,7.0,0,0,4985,normal,1
350,26.0,21.5,78.0,0.0,0.0,0.0,7.9,150.9,1014.3,37.8,3.0,127.9,11.0,5.0,1,1,5471,normal,1
351,26.1,22.5,81.7,0.0,0.0,0.0,7.6,104.6,1015.0,61.3,3.0,110.4,9.7,4.0,1,0,20146,normal,3
352,25.6,23.5,88.6,0.0,0.0,0.0,7.9,262.1,1014.4,70.9,2.4,107.2,9.3,4.0,1,1,4065,normal,1
353,24.8,20.4,78.2,0.0,0.0,0.0,11.9,276.7,1012.3,59.8,2.2,199.8,17.3,7.0,1,1,14398,normal,2
354,23.4,17.4,72.9,0.0,0.0,0.0,13.0,277.7,1010.2,32.9,2.8,188.2,16.3,7.0,1,0,14841,normal,2
355,22.9,18.4,77.9,0.0,0.0,0.0,7.9,230.8,1010.1,54.4,2.6,177.6,15.3,7.0,1,1,17997,normal,2
356,23.5,17.9,73.3,0.0,0.0,0.0,7.6,82.1,1011.3,14.0,2.3,215.0,18.7,8.0,0,1,22462,normal,3
357,23.3,20.6,85.2,0.0,0.0,0.0,11.2,117.2,1012.4,23.4,2.7,192.8,16.7,7.0,1,0,15817,normal,2
358,23.1,19.2,80.5,0.0,0.0,0.0,7.6,97.7,1013.9,42.5,2.6,218.4,18.8,8.0,1,0,13414,normal,2
359,23.5,18.3,74.5,0.0,0.0,0.0,11.2,273.5,1013.3,52.1,2.8,185.9,15.9,7.0,1,0,10736,normal,2
360,23.4,19.5,80.2,0.0,0.0,0.0,10.8,200.5,1014.2,66.6,2.4,105.8,9.1,4.0,1,1,18209,normal,2
361,24.1,21.5,85.9,0.0,0.0,0.0,9.4,274.4,1012.8,61.2,1.6,139.9,12.1,5.0,1,1,10815,normal,2
362,23.4,21.1,87.8,0.0,0.0,0.0,7.6,282.8,1012.3,71.0,0.8,176.8,15.2,6.0,1,0,22555,normal,3
363,32.2,22.7,58.5,0.0,0.0,0.0,25.9,236.6,1000.9,58.9,6.3,190.9,16.4,7.0,0,5,6325,normal,1
364,32.0,23.5,62.6,0.0,0.0,0.0,36.5,238.1,1003.3,67.8,6.0,146.3,12.9,5.0,0,5,6811,normal,1
365,32.2,24.2,64.3,0.0,0.0,0.0,34.2,215.3,1007.0,49.6,6.8,157.0,13.4,5.0,0,3,9926,normal,1
366,32.7,23.9,62.8,0.0,0.0,0.0,35.6,229.3,1008.5,43.2,6.7,155.7,13.6,5.0,0,3,24131,normal,3
367,32.3,23.2,60.3,0.0,0.0,0.0,27.1,225.1,1007.8,55.1,6.7,139.4,12.1,5.0,0,3,7851,normal,1
368,32.5,22.8,58.1,0.0,0.0,0.0,38.3,221.1,1006.1,68.4,6.5,163.0,14.2,6.0,0,3,6592,normal,1
372,30.8,24.1,69.0,3.725,100.0,8.33,25.9,215.6,1001.7,65.8,6.5,103.0,8.9,4.0,1,3,5999,normal,1
373,31.7,22.6,59.4,0.0,0.0,0.0,20.5,207.6,1004.4,65.7,6.4,148.9,12.8,6.0,0,3,20375,normal,3
374,31.5,23.9,65.1,0.3,100.0,4.17,22.3,210.1,1005.5,45.0,6.7,168.5,14.5,6.0,1,3,15824,normal,2
375,31.5,24.2,66.8,5.308,100.0,4.17,18.4,220.9,1004.6,52.8,6.6,205.8,17.8,7.0,1,3,12956,normal,2
376,30.4,24.1,69.9,0.1,100.0,4.17,38.2,233.5,1003.5,61.3,6.1,104.5,9.0,3.0,1,5,8905,normal,1
377,30.3,23.9,70.4,8.381,100.0,8.33,28.9,232.5,1005.8,46.0,6.3,129.2,11.2,4.0,1,3,24733,normal,3
378,29.6,24.8,77.8,41.465,100.0,8.33,38.4,256.6,1008.5,55.1,6.3,151.8,13.1,5.0,1,3,22991,normal,3
379,30.4,25.5,76.0,6.612,100.0,8.33,22.4,247.9,1007.5,68.5,6.1,168.0,14.4,6.0,1,3,16311,normal,2
380,31.3,25.2,71.2,0.58,100.0,4.17,22.3,243.1,1007.0,61.0,6.3,121.7,10.5,4.0,1,3,22229,normal,3
381,30.4,24.8,72.9,0.0,0.0,0.0,22.3,238.6,1006.9,55.9,6.1,99.8,8.7,3.0,0,3,8215,normal,1
382,30.0,24.9,75.1,0.274,100.0,4.17,26.0,223.1,1006.5,48.6,6.4,160.8,13.9,6.0,1,3,24910,normal,3
383,30.6,24.5,71.3,0.0,0.0,0.0,44.3,222.4,1007.2,53.4,6.6,181.4,15.7,6.0,0,3,20918,normal,3
384,28.3,25.4,84.3,10.411,100.0,16.67,42.8,211.5,1008.8,71.3,4.8,127.0,10.9,5.0,1,3,7182,normal,1
385,29.0,23.9,75.3,41.711,100.0,12.5,43.8,237.4,1011.6,71.1,5.6,246.9,21.4,8.0,1,4,14239,normal,2
386,30.4,24.4,71.7,12.902,100.0,12.5,37.6,216.9,1008.5,49.1,6.2,236.3,20.3,8.0,1,3,24838,normal,3
387,29.0,25.8,83.9,85.707,100.0,16.67,43.2,224.2,1009.2,70.4,5.4,151.6,13.1,5.0,1,3,23418,normal,3
388,28.7,24.5,79.1,42.865,100.0,8.33,27.7,247.3,1009.2,68.4,5.5,161.5,13.9,6.0,1,3,13462,normal,2
389,30.8,23.8,66.7,0.0,0.0,0.0,23.2,269.1,1008.9,62.0,6.3,169.7,14.5,7.0,0,3,13548,normal,2
390,30.5,24.1,69.6,0.4,100.0,4.17,18.1,277.5,1008.7,62.0,6.5,175.1,14.9,6.0,1,3,7043,normal,1
391,30.0,24.9,75.2,0.6,100.0,4.17,23.6,253.6,1009.4,60.2,6.2,153.9,13.3,5.0,1,3,5740,normal,1
392,30.2,24.8,73.9,0.0,0.0,0.0,20.5,260.0,1010.5,49.2,6.7,192.5,16.6,7.0,0,3,19187,normal,2
393,31.5,24.7,68.9,0.0,0.0,0.0,24.1,257.3,1011.3,48.6,6.8,209.1,17.9,8.0,0,3,23425,normal,3
394,31.1,25.1,71.8,0.0,0.0,0.0,30.8,242.5,1011.8,52.9,6.7,151.1,13.2,6.0,0,3,18760,normal,2
396,31.2,24.0,67.0,3.0,100.0,4.17,30.1,264.1,1008.7,58.3,6.6,220.3,18.9,8.0,1,3,20265,normal,3
397,30.4,23.8,68.4,0.274,100.0,4.17,33.3,270.6,1008.0,67.1,6.2,184.8,16.0,6.0,1,3,20905,normal,3
398,30.3,23.7,69.0,0.145,100.0,4.17,32.2,268.1,1008.0,68.3,6.2,145.0,12.4,5.0,1,3,24711,normal,3
399,31.2,23.5,64.1,0.0,0.0,0.0,33.9,267.2,1008.8,62.9,6.6,154.8,13.3,5.0,0,3,7002,normal,1
400,31.9,23.5,61.7,0.0,0.0,0.0,29.9,251.5,1008.3,64.0,6.4,185.3,16.0,7.0,0,3,6274,normal,1
401,31.3,23.0,62.3,0.0,0.0,0.0,22.3,272.6,1008.7,60.6,6.5,181.3,15.5,6.0,0,3,22360,normal,3
402,30.8,23.2,64.8,0.0,0.0,0.0,30.5,266.6,1007.6,56.3,6.6,217.4,18.8,9.0,0,3,20379,normal,3
403,31.5,23.5,64.3,0.0,0.0,0.0,24.1,298.5,1006.8,45.3,7.2,229.8,19.7,8.0,0,3,20223,normal,3
404,31.7,23.8,64.4,0.0,0.0,0.0,30.5,268.3,1007.9,45.6,6.5,155.3,13.4,5.0,0,3,8073,normal,1
405,30.2,25.4,77.1,0.274,100.0,4.17,22.3,272.7,1012.1,55.5,5.9,219.9,18.9,8.0,1,3,11351,normal,2
406,30.3,25.5,77.0,8.981,100.0,8.33,18.4,264.2,1009.7,63.7,6.6,173.4,14.9,5.0,1,3,23163,normal,3
407,30.3,25.5,77.1,3.0,100.0,4.17,18.4,277.9,1010.9,57.3,6.2,160.5,13.9,6.0,1,3,6599,normal,1
408,27.7,25.6,89.1,39.628,100.0,16.67,38.3,277.0,1010.3,63.9,4.8,96.9,8.3,3.0,1,3,23364,normal,3
409,28.3,25.1,83.6,32.664,100.0,16.67,26.0,274.2,1012.4,64.6,5.5,115.0,9.9,4.0,1,3,13495,normal,2
410,30.4,25.5,75.9,0.0,0.0,0.0,30.9,249.0,1012.2,46.6,7.2,175.2,15.1,7.0,0,3,7619,normal,1
411,30.1,26.4,81.2,8.248,100.0,4.17,44.4,266.2,1009.4,58.0,6.3,169.1,14.5,6.0,1,3,5289,normal,1
413,29.8,24.9,75.6,0.0,0.0,0.0,22.3,276.3,1004.4,66.9,6.0,106.8,9.1,3.0,0,3,23446,normal,3
414,30.6,24.8,72.3,0.0,0.0,0.0,28.1,258.9,1007.7,59.4,6.8,149.8,13.0,5.0,0,3,20660,normal,3
415,31.0,24.8,70.8,0.0,0.0,0.0,22.3,221.4,1007.2,49.5,6.9,210.2,18.2,7.0,0,3,18323,normal,2
416,31.4,24.5,67.9,0.0,0.0,0.0,24.1,221.1,1007.0,47.4,7.3,266.0,22.8,9.0,0,3,14027,normal,2
417,31.5,24.7,68.2,0.0,0.0,0.0,26.5,216.5,1006.7,49.0,7.2,199.4,17.1,7.0,0,3,9839,normal,1
418,30.4,24.5,72.3,8.177,100.0,4.17,29.5,224.6,1007.1,60.6,5.9,165.5,14.2,6.0,1,3,12476,normal,2
419,31.2,25.7,74.6,0.0,0.0,0.0,25.9,233.2,1006.7,45.5,6.1,165.6,14.3,5.0,0,3,18589,normal,2
420,30.3,24.9,74.5,24.884,100.0,8.33,25.9,239.9,1004.9,47.4,5.8,211.8,18.4,8.0,1,3,22597,normal,3
421,30.4,25.5,76.0,0.0,0.0,0.0,16.6,235.6,1002.9,59.0,6.2,165.0,14.1,6.0,0,4,11939,normal,2
422,29.5,24.9,77.2,4.435,100.0,8.33,14.8,218.3,1002.8,66.5,6.1,168.0,14.4,6.0,1,3,22384,normal,3
423,29.9,25.1,76.2,8.148,100.0,16.67,17.2,222.9,1006.9,66.7,6.5,136.7,11.7,5.0,1,3,21765,normal,3
424,29.2,25.0,79.2,3.451,100.0,4.17,18.4,227.5,1006.6,69.8,6.4,223.1,19.2,8.0,1,3,22917,normal,3
425,29.8,25.0,76.8,7.823,100.0,8.33,39.7,229.5,1005.8,59.7,6.1,177.5,15.3,6.0,1,3,12482,normal,2
426,30.2,23.0,66.3,0.0,0.0,0.0,38.8,223.3,1008.2,59.9,6.6,236.7,20.4,9.0,0,3,22510,normal,3
427,30.9,22.4,61.8,0.0,0.0,0.0,27.4,228.2,1010.4,60.8,6.6,236.0,20.2,8.0,0,3,8587,normal,1
428,31.3,22.9,62.5,0.0,0.0,0.0,31.7,236.4,1011.3,51.8,6.7,216.8,18.8,8.0,0,3,15358,normal,2
429,30.7,23.0,64.4,0.0,0.0,0.0,28.7,235.1,1010.6,51.5,6.8,190.0,16.6,7.0,0,3,6691,normal,1
430,30.7,24.2,69.6,0.0,0.0,0.0,26.5,214.4,1008.2,49.4,6.9,185.9,16.1,8.0,0,3,19692,normal,2
431,29.1,24.6,77.4,0.508,100.0,4.17,22.8,200.8,1000.9,65.9,6.2,127.9,11.0,5.0,1,0,23798,normal,3
432,28.3,24.0,78.9,11.195,100.0,8.33,25.9,233.3,1000.3,62.1,6.2,122.6,10.5,4.0,1,0,12021,normal,2
433,28.9,23.9,75.4,0.0,0.0,0.0,22.3,220.8,999.8,59.4,6.3,111.4,9.6,4.0,0,0,18045,normal,2
434,29.1,23.7,73.7,0.0,0.0,0.0,18.4,206.9,1003.0,49.6,6.8,219.0,18.9,8.0,0,0,17502,normal,2
435,29.5,24.5,75.4,0.767,100.0,8.33,18.4,237.3,1007.9,50.9,6.3,122.2,10.5,4.0,1,0,16735,normal,2
436,30.1,24.1,71.0,1.1,100.0,4.17,27.7,257.2,1005.9,54.2,6.8,145.7,12.5,6.0,1,0,9113,normal,1
437,28.9,24.8,79.4,2.342,100.0,8.33,24.1,250.9,1005.4,69.5,6.3,186.7,16.0,7.0,1,0,16830,normal,2
438,28.9,25.3,81.4,5.5,100.0,8.33,24.3,221.6,1005.9,63.8,6.4,105.7,9.1,4.0,1,0,11181,normal,2
440,28.4,25.6,85.3,3.628,100.0,4.17,13.0,210.7,1007.6,59.8,5.2,156.3,13.5,6.0,1,0,21709,normal,3
441,29.0,25.6,82.4,1.0,100.0,16.67,14.2,212.3,1007.0,45.6,5.6,163.6,14.0,6.0,1,0,7013,normal,1
442,27.9,25.7,88.2,23.525,100.0,4.17,17.0,270.5,1007.4,62.6,4.3,157.6,13.6,6.0,1,2,9512,normal,1
443,29.0,25.9,84.1,5.451,100.0,4.17,24.6,193.6,1008.0,66.0,4.8,175.7,15.1,6.0,1,0,7412,normal,1
444,28.6,25.6,84.1,16.274,100.0,8.33,19.4,178.8,1010.3,64.1,5.9,128.2,11.2,4.0,1,0,15098,normal,2
445,28.1,24.7,82.1,30.786,100.0,8.33,18.4,180.9,1013.0,51.2,6.3,162.2,14.1,5.0,1,0,9816,normal,1
446,29.2,25.1,79.4,0.0,0.0,0.0,18.4,136.9,1013.9,40.1,6.6,232.5,20.1,8.0,0,1,11487,normal,2
447,29.3,24.4,76.0,0.0,0.0,0.0,18.4,127.6,1012.6,38.0,6.3,240.2,20.8,8.0,0,0,15736,normal,2
448,29.5,24.6,76.0,0.0,0.0,0.0,14.8,123.3,1012.9,46.0,6.0,221.3,19.2,8.0,0,0,18149,normal,2
449,29.1,24.5,77.0,0.726,100.0,4.17,18.4,152.7,1011.9,42.1,6.0,210.2,18.3,8.0,1,0,18601,normal,2
450,29.5,24.6,75.8,0.0,0.0,0.0,27.7,182.0,1010.9,38.0,6.4,233.9,20.1,8.0,0,0,9569,normal,1
451,29.9,25.3,77.3,0.0,0.0,0.0,26.2,169.9,1010.6,40.0,6.0,164.0,14.1,6.0,0,0,12304,normal,2
452,29.9,25.0,76.1,0.0,0.0,0.0,22.3,164.5,1010.2,35.7,6.5,258.6,22.3,9.0,0,0,17449,normal,2
453,29.9,24.9,75.1,0.0,0.0,0.0,18.4,185.0,1009.9,35.0,6.6,206.6,17.9,7.0,0,0,10867,normal,2
454,29.5,24.2,73.7,0.0,0.0,0.0,18.4,180.6,1009.5,38.0,6.5,218.4,19.0,8.0,0,0,14223,normal,2
455,29.9,24.9,75.5,0.0,0.0,0.0,18.4,185.6,1009.8,39.9,6.5,144.1,12.4,5.0,0,0,7744,normal,1
456,30.1,24.7,74.0,0.0,0.0,0.0,16.6,172.9,1009.7,32.9,6.3,210.9,18.2,7.0,0,0,21823,normal,3
457,29.9,24.7,74.5,0.0,0.0,0.0,16.6,188.1,1009.4,37.6,6.3,215.0,18.5,7.0,0,0,13055,normal,2
458,29.8,24.7,74.9,0.0,0.0,0.0,18.4,162.5,1009.3,39.6,6.2,237.8,20.5,8.0,0,0,14994,normal,2
459,29.2,24.8,77.7,0.274,100.0,4.17,16.6,160.7,1009.6,43.2,5.8,256.6,22.1,9.0,1,0,12875,normal,2
460,29.7,24.8,75.6,0.0,0.0,0.0,18.4,137.8,1009.6,36.3,6.3,196.4,16.9,7.0,0,0,13505,normal,2
461,30.2,24.9,73.9,0.0,0.0,0.0,20.5,104.3,1010.4,40.9,6.2,191.4,16.4,7.0,0,0,23045,normal,3
462,30.2,24.9,74.3,3.027,100.0,8.33,22.3,58.0,1010.5,46.2,6.2,129.6,11.1,5.0,1,0,19305,normal,2
463,29.2,25.6,81.9,5.337,100.0,12.5,18.4,25.5,1009.6,65.1,5.5,113.9,9.8,4.0,1,0,16076,normal,2
464,27.1,25.0,88.3,12.556,100.0,12.5,16.6,20.8,1010.2,64.8,5.4,177.8,15.3,7.0,1,0,21442,normal,3
465,25.8,24.9,94.9,60.902,100.0,16.67,11.2,354.9,1010.8,71.2,4.3,130.7,11.2,4.0,1,0,16990,normal,2
466,27.7,25.1,86.4,73.931,100.0,8.33,18.4,61.1,1010.7,65.9,5.1,177.6,15.3,6.0,1,0,10498,normal,2
467,27.4,25.3,88.9,5.683,100.0,12.5,16.6,36.5,1010.8,70.1,5.0,111.0,9.6,4.0,1,1,23733,normal,3
468,27.0,25.5,91.5,23.378,100.0,12.5,18.4,4.9,1010.3,71.6,4.8,93.5,8.1,3.0,1,2,22652,normal,3
469,26.1,25.0,93.7,55.469,100.0,16.67,17.0,332.2,1009.2,74.0,4.1,124.0,10.6,4.0,1,0,12744,normal,2
470,25.5,24.4,93.5,24.237,100.0,16.67,15.7,288.4,1008.6,68.9,4.3,125.2,10.8,4.0,1,0,11327,normal,2
471,28.2,24.6,81.7,0.0,0.0,0.0,13.0,214.7,1008.1,58.5,5.7,125.6,10.8,5.0,0,0,21693,normal,3
472,27.3,24.7,86.2,1.651,100.0,8.33,22.3,215.7,1009.4,73.2,5.0,107.0,9.0,3.0,1,0,11071,normal,2
473,28.2,25.1,83.3,0.0,0.0,0.0,18.4,103.6,1009.5,71.4,5.1,98.9,8.5,4.0,0,0,16329,normal,2
474,27.6,25.1,86.4,23.549,100.0,12.5,16.6,199.1,1010.3,60.1,4.4,93.7,8.1,3.0,1,0,13484,normal,2
475,28.8,25.1,81.0,0.0,0.0,0.0,20.5,95.1,1009.9,38.6,5.1,152.7,13.1,5.0,0,0,17263,normal,2
476,28.1,25.4,85.8,18.958,100.0,16.67,14.8,14.4,1010.1,62.3,5.0,109.5,9.6,4.0,1,0,12931,normal,2
477,25.9,25.1,95.2,75.787,100.0,20.83,14.8,122.0,1011.1,80.6,2.8,210.5,18.1,7.0,1,0,9097,normal,1
478,27.3,24.7,86.3,2.232,100.0,4.17,16.6,175.8,1010.8,65.0,5.5,233.7,20.1,8.0,1,0,8900,normal,1
481,27.2,25.7,91.8,13.0,100.0,8.33,18.4,208.2,1003.9,69.2,2.8,149.5,13.0,5.0,2,1,9911,normal,1
482,27.6,26.2,92.3,23.0,100.0,12.5,25.8,225.8,1003.1,67.5,2.5,200.6,17.5,6.0,2,1,6630,normal,1
483,28.4,26.3,88.9,40.0,100.0,16.67,29.9,256.8,1001.8,70.2,2.3,210.9,18.1,7.0,2,1,4334,normal,1
484,28.0,26.1,89.5,76.0,100.0,25.0,29.5,244.7,1000.9,77.8,2.3,133.6,11.5,4.0,2,1,8420,normal,1
485,29.3,26.9,86.9,13.0,100.0,8.33,31.7,245.6,1002.1,63.7,2.4,107.9,9.1,4.0,2,1,3810,normal,1
487,29.1,26.3,84.9,8.2,100.0,12.5,26.5,229.8,1002.6,67.5,2.5,139.0,11.9,4.0,2,3,7649,normal,1
488,27.4,26.0,92.3,47.8,100.0,25.0,25.8,258.2,1002.8,70.6,2.5,204.3,17.6,8.0,2,1,5940,normal,1
489,29.1,26.6,86.4,7.6,100.0,8.33,29.5,243.9,1005.2,69.7,2.7,138.3,12.1,5.0,2,1,5125,normal,1
490,29.1,26.4,85.8,25.2,100.0,16.67,24.1,231.9,1006.4,62.7,2.8,217.4,18.8,7.0,2,1,4632,normal,1
491,28.7,26.4,87.1,12.2,100.0,12.5,24.1,243.6,1007.1,59.9,2.7,209.7,17.9,7.0,2,1,12077,normal,2
492,29.2,26.2,83.9,2.0,100.0,4.17,21.3,250.6,1007.0,63.4,3.0,152.5,13.3,5.0,2,1,4479,normal,1
493,29.7,26.1,81.2,0.0,0.0,0.0,22.9,244.4,1005.7,66.3,3.1,247.7,21.4,8.0,1,1,8876,normal,1
494,29.1,26.1,84.2,9.8,100.0,12.5,25.7,253.6,1006.4,63.0,2.7,135.5,11.6,4.0,2,1,11970,normal,2
495,29.6,25.8,80.4,5.0,100.0,4.17,23.6,253.9,1006.2,59.3,3.3,183.1,15.7,6.0,2,1,12132,normal,2
496,29.8,25.7,79.2,2.0,100.0,4.17,21.1,258.3,1004.2,49.3,3.3,273.4,23.7,9.0,2,1,11215,normal,2
497,30.1,25.7,77.3,0.0,0.0,0.0,23.5,256.2,1002.7,45.0,3.3,272.0,23.4,9.0,1,1,7842,normal,1
498,29.0,26.0,84.1,4.2,100.0,8.33,18.4,204.0,1001.9,67.3,3.2,228.2,19.6,8.0,2,1,4879,normal,1
499,29.3,26.1,83.2,0.0,0.0,0.0,19.0,293.7,1000.4,66.8,2.9,192.5,16.5,7.0,1,1,9548,normal,1
500,29.6,26.0,81.6,16.0,100.0,8.33,22.2,201.0,1000.0,64.1,3.3,123.1,10.6,4.0,2,1,12386,normal,2
501,29.4,26.0,82.1,1.0,100.0,4.17,21.7,199.4,1000.5,66.1,3.0,215.2,18.5,8.0,2,1,5888,normal,1
503,27.8,25.8,89.3,48.0,100.0,25.0,21.8,246.7,1005.8,69.6,2.1,168.8,14.5,6.0,2,1,8905,normal,1
505,27.8,25.6,87.7,92.0,100.0,25.0,33.6,254.9,1004.7,71.8,2.2,94.7,8.2,3.0,2,1,4036,normal,1
506,28.8,25.8,83.7,10.5,100.0,12.5,30.0,261.5,1004.6,66.6,2.6,154.2,13.3,6.0,2,1,10982,normal,2
507,28.1,25.7,86.7,19.0,100.0,16.67,29.9,271.2,1003.8,68.9,2.6,119.4,10.4,4.0,2,1,5338,normal,1
508,26.9,25.3,91.4,81.0,100.0,29.17,29.5,260.8,1004.5,72.4,2.4,105.9,9.3,5.0,2,1,12104,normal,2
509,28.0,25.4,86.2,10.0,100.0,12.5,31.8,255.0,1005.7,68.8,2.7,147.3,12.7,5.0,2,1,12715,normal,2
510,28.5,25.6,84.5,16.0,100.0,16.67,32.9,253.7,1005.1,68.4,2.7,283.3,24.5,9.0,2,1,8869,normal,1
513,27.0,25.8,93.4,97.0,100.0,20.83,33.5,254.5,1002.5,79.0,1.9,93.1,7.9,3.0,2,0,6283,normal,1
514,28.0,25.9,88.5,40.0,100.0,16.67,27.7,260.2,1002.4,71.7,2.5,158.3,13.7,5.0,2,1,3930,normal,1
515,27.9,25.8,88.1,10.0,100.0,12.5,27.7,256.0,1002.0,69.9,2.5,130.4,11.4,4.0,2,1,11889,normal,2
516,28.1,25.8,87.3,5.0,100.0,8.33,30.8,254.2,1001.1,66.8,2.6,101.8,8.8,4.0,2,1,7515,normal,1
517,28.2,25.8,87.0,0.2,100.0,4.17,31.7,256.1,1000.4,68.8,2.6,148.5,12.7,5.0,2,1,5631,normal,1
518,28.1,25.8,87.3,5.8,100.0,8.33,31.7,245.9,1000.5,70.5,2.6,89.6,8.0,3.0,2,1,5919,normal,1
519,28.4,25.5,83.9,0.5,100.0,4.17,29.5,240.0,1002.0,66.1,2.7,224.2,19.5,7.0,2,1,11639,normal,2
520,28.6,25.3,82.6,7.5,100.0,12.5,26.6,237.0,1004.3,65.8,2.7,254.1,22.0,8.0,2,1,9776,normal,1
521,28.6,25.6,83.5,3.1,100.0,8.33,22.8,249.4,1005.1,68.2,2.7,213.5,18.3,7.0,2,1,6543,normal,1
522,28.3,25.7,85.6,1.0,100.0,4.17,25.8,253.8,1005.3,63.7,2.8,240.0,20.6,9.0,2,1,11190,normal,2
523,28.3,25.6,85.7,5.0,100.0,8.33,22.3,254.7,1006.0,64.0,2.8,118.7,10.2,4.0,2,1,8299,normal,1
524,28.2,25.5,85.2,6.0,100.0,12.5,26.6,259.3,1006.7,69.1,2.8,243.3,20.8,8.0,2,1,10453,normal,2
525,28.3,25.3,84.3,6.0,100.0,8.33,26.6,248.6,1006.4,67.6,3.1,271.3,23.3,9.0,2,1,10998,normal,2
526,28.6,25.0,80.8,0.2,100.0,4.17,24.8,234.8,1006.2,57.9,3.2,279.2,24.1,9.0,2,1,11419,normal,2
527,28.6,24.9,80.6,3.0,100.0,8.33,24.1,245.6,1007.9,53.1,3.3,275.1,23.7,9.0,2,1,11467,normal,2
528,28.7,25.0,80.3,1.0,100.0,4.17,20.5,244.9,1009.0,54.0,3.8,248.1,21.5,9.0,2,1,7270,normal,1
529,29.1,24.4,76.2,0.0,0.0,0.0,25.4,271.1,1008.9,43.6,4.2,213.2,18.4,7.0,1,1,10841,normal,2
530,28.9,24.8,79.0,6.4,100.0,8.33,24.1,262.5,1008.1,51.2,3.8,289.9,25.1,10.0,2,1,11120,normal,2
531,29.0,24.6,77.6,0.1,100.0,4.17,24.7,262.8,1007.4,53.1,3.5,290.0,25.1,9.0,2,1,11660,normal,2
532,29.1,24.7,77.5,0.0,0.0,0.0,25.3,252.0,1007.3,57.7,3.8,267.4,23.0,9.0,1,1,3951,normal,1
533,28.7,24.4,77.5,3.0,100.0,8.33,24.8,244.2,1007.0,56.1,3.4,280.0,24.1,9.0,2,1,12350,normal,2
534,28.1,24.2,79.6,14.0,100.0,8.33,21.8,241.4,1006.0,58.5,3.2,225.3,19.5,7.0,2,1,9304,normal,1
535,28.5,24.2,78.4,0.1,100.0,4.17,26.5,239.9,1005.7,53.9,3.4,225.4,19.5,7.0,2,1,5061,normal,1
536,28.7,24.1,76.3,3.0,100.0,8.33,24.8,230.1,1004.6,54.3,3.3,287.4,24.8,10.0,2,1,6157,normal,1
537,28.7,24.7,79.4,3.0,100.0,4.17,25.5,198.2,1004.8,49.5,3.5,290.7,25.3,10.0,2,1,11439,normal,2
538,29.1,25.5,81.4,3.7,100.0,8.33,20.5,217.4,1005.1,53.3,3.6,259.9,22.3,8.0,2,1,11962,normal,2
539,28.2,25.6,86.4,10.0,100.0,12.5,25.3,249.0,1003.8,62.8,2.8,245.3,21.2,8.0,2,1,9603,normal,1
540,28.1,25.5,86.4,11.0,100.0,12.5,21.1,242.3,1002.2,70.7,2.8,140.0,12.2,5.0,2,1,12253,normal,2
541,26.9,24.9,88.8,25.0,100.0,25.0,29.3,243.0,1003.9,67.9,2.5,133.7,11.5,5.0,2,3,9117,normal,1
542,28.4,25.4,84.0,26.0,100.0,8.33,24.1,223.6,1004.8,67.4,2.7,207.0,17.8,8.0,2,1,9883,normal,1
545,27.1,25.8,92.7,30.0,100.0,16.67,24.1,245.9,1002.0,69.6,2.6,155.4,13.5,5.0,2,1,7079,normal,1
546,27.2,25.5,90.8,29.0,100.0,20.83,24.0,232.5,1002.5,71.2,2.5,145.4,12.5,5.0,2,1,9407,normal,1
547,26.9,25.4,91.9,78.0,100.0,29.17,25.9,217.1,1002.9,71.1,2.3,218.5,19.0,8.0,2,1,11271,normal,2
548,26.6,25.6,94.0,74.0,100.0,25.0,22.8,226.1,1004.4,67.9,2.3,185.5,15.9,6.0,2,1,3947,normal,1
549,27.2,25.6,91.2,52.0,100.0,12.5,29.0,244.5,1004.5,66.5,2.4,206.9,17.9,7.0,2,1,6189,normal,1
550,27.9,25.5,87.2,0.3,100.0,4.17,24.8,235.1,1004.2,66.2,2.9,238.3,20.6,8.0,2,1,10615,normal,2
551,27.2,25.1,88.8,7.7,100.0,8.33,27.2,230.2,1007.1,67.0,2.7,197.7,17.1,6.0,2,1,4430,normal,1
552,27.4,25.5,89.4,11.0,100.0,12.5,25.9,241.3,1008.4,71.1,2.7,123.7,10.6,4.0,2,1,11377,normal,2
553,27.3,25.4,89.8,39.0,100.0,16.67,23.5,247.7,1008.7,68.4,2.6,225.5,19.4,8.0,2,1,12174,normal,2
554,28.4,26.0,87.2,15.0,100.0,12.5,24.1,257.0,1008.4,63.8,3.1,246.3,21.3,9.0,2,1,4324,normal,1
555,26.5,24.5,88.7,39.0,100.0,12.5,22.3,306.0,1009.1,69.8,2.8,256.0,22.1,9.0,2,1,14225,normal,2
556,27.9,25.7,87.9,4.0,100.0,8.33,23.5,283.5,1008.0,60.0,2.8,269.1,23.2,9.0,2,1,4986,normal,1
557,27.6,25.6,88.7,3.0,100.0,8.33,23.3,274.2,1007.0,66.5,2.8,251.5,21.6,9.0,2,1,6527,normal,1
559,27.3,25.0,87.9,6.1,100.0,8.33,17.8,168.3,1005.8,67.4,2.6,181.8,15.7,7.0,2,1,9387,normal,1
560,26.9,25.3,91.1,57.9,100.0,20.83,22.9,159.4,1005.7,71.1,2.7,89.9,7.8,3.0,2,1,12083,normal,2
561,28.4,24.3,78.9,0.8,100.0,4.17,23.3,158.9,1005.0,53.7,3.6,288.0,24.7,10.0,2,1,7465,normal,1
562,28.6,24.3,78.2,0.0,0.0,0.0,22.5,173.1,1007.0,44.7,3.8,247.7,21.6,9.0,1,1,6274,normal,1
563,28.9,25.0,80.1,0.0,0.0,0.0,19.0,240.2,1008.8,33.2,3.6,264.4,22.8,9.0,1,1,7421,normal,1
564,29.0,25.3,81.0,2.4,100.0,8.33,24.6,314.8,1007.9,53.6,3.4,163.1,14.1,7.0,2,1,13937,normal,2
565,27.5,25.7,90.0,29.0,100.0,8.33,24.8,248.6,1007.1,68.0,2.8,117.6,10.1,4.0,2,1,6860,normal,1
566,28.1,25.2,84.8,6.0,100.0,12.5,22.8,187.1,1008.5,64.0,3.3,120.4,10.4,5.0,2,1,13601,normal,2
567,27.3,24.4,84.4,23.2,100.0,16.67,23.5,181.6,1011.7,60.8,3.1,233.2,19.9,8.0,2,1,8867,normal,1
568,27.8,24.4,82.1,0.0,0.0,0.0,22.9,186.0,1011.1,56.0,3.7,266.2,23.1,9.0,1,2,7979,normal,1
569,28.6,24.7,80.2,0.2,100.0,4.17,24.7,184.9,1011.7,46.0,4.1,219.8,19.0,7.0,2,1,4189,normal,1
570,28.2,25.2,84.2,4.8,100.0,12.5,26.6,214.5,1011.3,52.4,3.8,246.1,21.3,8.0,2,1,12068,normal,2
571,29.0,24.9,78.8,0.0,0.0,0.0,21.8,239.9,1011.4,46.5,4.3,277.9,23.9,9.0,1,1,11443,normal,2
572,28.9,24.6,78.5,0.0,0.0,0.0,20.5,260.1,1012.1,38.4,3.8,282.4,24.4,9.0,1,1,4099,normal,1
573,29.1,25.1,79.4,0.0,0.0,0.0,22.3,322.4,1011.0,35.5,3.6,250.0,21.5,8.0,1,1,13805,normal,2
574,29.1,25.0,79.0,13.0,100.0,4.17,23.5,334.8,1010.8,44.4,3.0,128.3,11.1,5.0,2,1,13977,normal,2
575,28.6,23.9,75.9,0.0,0.0,0.0,22.2,340.7,1009.8,40.1,3.2,136.5,11.8,5.0,1,1,14104,normal,2
576,29.0,23.7,73.9,0.0,0.0,0.0,19.0,211.7,1009.9,30.6,3.2,132.6,11.5,5.0,1,1,12692,normal,2
577,30.0,25.1,75.3,0.0,0.0,0.0,23.3,320.0,1010.7,37.3,2.7,192.8,16.7,7.0,1,1,9105,normal,1
578,29.9,25.1,75.9,3.0,100.0,4.17,20.7,318.9,1009.8,41.3,2.8,236.7,20.5,9.0,2,1,5963,normal,1
579,28.3,23.6,76.4,0.4,100.0,4.17,21.1,160.0,1009.6,59.1,3.2,176.9,15.4,6.0,2,1,8224,normal,1
580,29.1,24.2,75.4,0.0,0.0,0.0,16.6,169.2,1009.5,48.3,3.1,134.5,11.4,5.0,1,1,14036,normal,2
581,29.4,23.3,70.6,8.0,100.0,4.17,18.4,252.5,1009.4,38.4,3.4,162.6,14.2,6.0,2,1,7000,normal,1
582,29.2,24.0,74.5,0.4,100.0,4.17,21.1,140.7,1010.0,38.8,2.9,174.6,15.0,7.0,2,1,13983,normal,2
583,29.9,23.5,69.5,0.0,0.0,0.0,18.4,234.9,1010.8,30.5,3.0,123.7,10.8,4.0,1,1,7658,normal,1
584,31.2,24.0,66.9,0.0,0.0,0.0,20.1,39.3,1010.8,32.2,2.9,221.9,19.3,8.0,1,1,7802,normal,1
587,31.0,20.9,55.7,0.0,0.0,0.0,19.5,0.5,1010.0,16.4,3.1,224.1,19.4,8.0,0,1,3864,normal,1
588,28.6,22.1,68.2,1.0,100.0,4.17,13.4,82.7,1010.1,48.7,2.7,110.7,9.6,4.0,2,1,10997,normal,2
589,26.1,23.4,84.9,10.0,100.0,12.5,17.1,84.8,1011.5,70.1,2.7,92.3,8.0,4.0,2,1,12436,normal,2
590,25.7,23.0,85.4,8.6,100.0,12.5,19.4,84.1,1011.5,66.2,3.0,89.4,7.6,3.0,2,1,13817,normal,2
591,27.9,23.3,77.0,6.4,100.0,8.33,21.1,48.1,1009.3,61.6,3.5,103.8,8.9,4.0,2,1,12706,normal,2
592,27.5,24.1,82.5,10.0,100.0,12.5,15.3,117.4,1008.2,62.8,3.1,109.0,9.4,4.0,2,1,4778,normal,1
593,26.6,24.2,86.7,3.2,100.0,8.33,16.6,145.0,1006.7,64.2,3.2,141.0,12.3,5.0,2,1,7328,normal,1
594,27.6,24.2,82.7,3.0,100.0,8.33,13.5,100.9,1005.7,63.0,2.9,101.2,8.6,4.0,2,1,12912,normal,2
595,27.6,23.0,76.7,3.2,100.0,8.33,25.9,66.9,1004.2,64.9,3.3,122.2,10.8,5.0,2,1,6280,normal,1
596,27.8,22.8,74.9,1.0,100.0,4.17,24.1,102.0,1006.1,64.0,3.1,135.2,11.8,6.0,2,1,11389,normal,2
597,28.5,23.3,75.0,0.0,0.0,0.0,17.1,159.8,1008.9,50.4,3.1,252.5,21.9,9.0,1,1,6729,normal,1
598,29.3,22.6,68.5,0.0,0.0,0.0,16.6,233.0,1010.4,50.5,3.1,242.7,20.9,8.0,1,1,10541,normal,2
599,29.8,23.9,71.1,0.0,0.0,0.0,19.0,344.4,1010.8,30.5,3.1,195.3,16.9,8.0,1,1,6396,normal,1
600,30.6,23.3,65.9,0.0,0.0,0.0,14.7,81.3,1009.7,32.7,3.3,187.6,16.0,7.0,1,1,10883,normal,2
601,30.2,21.5,60.4,0.0,0.0,0.0,17.8,79.2,1008.7,46.5,3.9,136.2,11.7,5.0,1,1,7311,normal,1
